staging_url,intended_production_url,object_type,object_id,title,slug,canonical,indexable_after_launch,sitemap_expected,notes
https://staging2.braveheartspublishing.com/blog/science-books-for-kids-that-feel-like-adventures/,https://www.braveheartspublishing.com/blog/science-books-for-kids-that-feel-like-adventures/,post,84,For the Kid Who Always Asks Why: Science Books That Feel Like Real Adventures,science-books-for-kids-that-feel-like-adventures,,no,yes,Published REST object
https://staging2.braveheartspublishing.com/blog/dog-man-to-magic-tree-house-reading-roadmap/,https://www.braveheartspublishing.com/blog/dog-man-to-magic-tree-house-reading-roadmap/,post,56,From Dog Man to Magic Tree House: The Reading Roadmap No One Gave You,dog-man-to-magic-tree-house-reading-roadmap,,no,yes,Published REST object
https://staging2.braveheartspublishing.com/blog/kirkus-review-adventures-of-charlotte-and-henry/,https://www.braveheartspublishing.com/blog/kirkus-review-adventures-of-charlotte-and-henry/,post,72,Adventures of Charlotte & Henry Just Got a Kirkus Review. Here’s What They Said.,kirkus-review-adventures-of-charlotte-and-henry,,no,yes,Published REST object
https://staging2.braveheartspublishing.com/blog/what-to-read-after-dog-man/,https://www.braveheartspublishing.com/blog/what-to-read-after-dog-man/,post,96,What to Read After Dog Man: Bridge Books for Kids Who Love Graphic Novels,what-to-read-after-dog-man,,no,yes,Published REST object
https://staging2.braveheartspublishing.com/blog/best-books-for-7-year-olds/,https://www.braveheartspublishing.com/blog/best-books-for-7-year-olds/,post,28,The Best Books for 7-Year-Olds That Turn Them Into Readers,best-books-for-7-year-olds,,no,yes,Published REST object
https://staging2.braveheartspublishing.com/blog/best-summer-reading-books-for-kids-ages-6-9/,https://www.braveheartspublishing.com/blog/best-summer-reading-books-for-kids-ages-6-9/,post,38,The Best Summer Reading Books for Kids Ages 6–9 (That They’ll Actually Finish),best-summer-reading-books-for-kids-ages-6-9,,no,yes,Published REST object
https://staging2.braveheartspublishing.com/blog/books-like-magic-tree-house/,https://www.braveheartspublishing.com/blog/books-like-magic-tree-house/,post,46,8 Books Like Magic Tree House Your Kids Will Love Just as Much,books-like-magic-tree-house,,no,yes,Published REST object
https://staging2.braveheartspublishing.com/blog/gap-between-picture-books-and-chapter-books/,https://www.braveheartspublishing.com/blog/gap-between-picture-books-and-chapter-books/,post,64,The Gap Between Picture Books and Chapter Books Is Real — Here’s What Goes There,gap-between-picture-books-and-chapter-books,,no,yes,Published REST object
https://staging2.braveheartspublishing.com/blog/why-i-wrote-this-book/,https://www.braveheartspublishing.com/blog/why-i-wrote-this-book/,post,98,Charlotte Is Real. Henry Is Real. And This Is Why I Wrote Them a Book.,why-i-wrote-this-book,,no,yes,Published REST object
https://staging2.braveheartspublishing.com/blog/finding-right-books-with-lexile-score/,https://www.braveheartspublishing.com/blog/finding-right-books-with-lexile-score/,post,58,I Spent Two Years Picking the Wrong Books for Kids. Then I Found their Lexile Scores.,finding-right-books-with-lexile-score,,no,yes,Published REST object
https://staging2.braveheartspublishing.com/blog/mount-everest-facts-for-kids/,https://www.braveheartspublishing.com/blog/mount-everest-facts-for-kids/,post,76,10 Mount Everest Facts for Kids That Will Make Their Jaw Drop,mount-everest-facts-for-kids,,no,yes,Published REST object
https://staging2.braveheartspublishing.com/blog/bridge-books-for-struggling-readers/,https://www.braveheartspublishing.com/blog/bridge-books-for-struggling-readers/,post,54,Bridge Books for Struggling Readers: The Parent’s Complete Roadmap,bridge-books-for-struggling-readers,,no,yes,Published REST object
https://staging2.braveheartspublishing.com/blog/my-child-hates-reading-what-to-do/,https://www.braveheartspublishing.com/blog/my-child-hates-reading-what-to-do/,post,80,My Child Hates Reading: What Actually Works,my-child-hates-reading-what-to-do,,no,yes,Published REST object
https://staging2.braveheartspublishing.com/blog/how-to-pick-a-read-aloud-book/,https://www.braveheartspublishing.com/blog/how-to-pick-a-read-aloud-book/,post,70,How to Pick a Read-Aloud Book That Keeps a Whole Class Listening,how-to-pick-a-read-aloud-book,,no,yes,Published REST object
https://staging2.braveheartspublishing.com/blog/reading-level-by-grade-chart/,https://www.braveheartspublishing.com/blog/reading-level-by-grade-chart/,post,82,Reading Level Chart by Grade: What Level Should My Child Be At??,reading-level-by-grade-chart,,no,yes,Published REST object
https://staging2.braveheartspublishing.com/blog/what-is-the-mariana-trench-for-kids/,https://www.braveheartspublishing.com/blog/what-is-the-mariana-trench-for-kids/,post,94,What Is the Mariana Trench? Everything Kids (and Parents) Need to Know,what-is-the-mariana-trench-for-kids,,no,yes,Published REST object
https://staging2.braveheartspublishing.com/blog/best-read-aloud-books-for-classroom-grades-1-3/,https://www.braveheartspublishing.com/blog/best-read-aloud-books-for-classroom-grades-1-3/,post,36,The Best Read Aloud Books for Elementary Classrooms (Grades 1–3),best-read-aloud-books-for-classroom-grades-1-3,,no,yes,Published REST object
https://staging2.braveheartspublishing.com/blog/my-child-got-a-lexile-score-now-what/,https://www.braveheartspublishing.com/blog/my-child-got-a-lexile-score-now-what/,post,78,My Child Got a Lexile Score — Now What? Here’s Exactly What to Do,my-child-got-a-lexile-score-now-what,,no,yes,Published REST object
https://staging2.braveheartspublishing.com/blog/teacher-appreciation-week-thank-you/,https://www.braveheartspublishing.com/blog/teacher-appreciation-week-thank-you/,post,86,To Every Teacher Who Said Yes: Happy Teacher Appreciation Week,teacher-appreciation-week-thank-you,,no,yes,Published REST object
https://staging2.braveheartspublishing.com/blog/what-is-a-lexile-score/,https://www.braveheartspublishing.com/blog/what-is-a-lexile-score/,post,92,What Is a Lexile Score? A Parent’s Guide to Reading Levels,what-is-a-lexile-score,,no,yes,Published REST object
https://staging2.braveheartspublishing.com/blog/top-bridge-books-for-kids/,https://www.braveheartspublishing.com/blog/top-bridge-books-for-kids/,post,88,Top Bridge Books for Kids — Best Picks for Growing Readers,top-bridge-books-for-kids,,no,yes,Published REST object
https://staging2.braveheartspublishing.com/blog/bridge-books-for-kids/,https://www.braveheartspublishing.com/blog/bridge-books-for-kids/,post,50,The Complete Guide to Bridge Books for Kids (Ages 6-9),bridge-books-for-kids,,no,yes,Published REST object
https://staging2.braveheartspublishing.com/blog/best-ocean-books-for-kids-ages-6-9/,https://www.braveheartspublishing.com/blog/best-ocean-books-for-kids-ages-6-9/,post,34,Best Books About the Ocean for Kids Ages 6-9,best-ocean-books-for-kids-ages-6-9,,no,yes,Published REST object
https://staging2.braveheartspublishing.com/blog/mariana-trench-facts-for-kids/,https://www.braveheartspublishing.com/blog/mariana-trench-facts-for-kids/,post,74,Mariana Trench Facts for Kids — The Deepest Place on Earth,mariana-trench-facts-for-kids,,no,yes,Published REST object
https://staging2.braveheartspublishing.com/blog/what-are-bridge-books-guide-for-parents-and-teachers/,https://www.braveheartspublishing.com/blog/what-are-bridge-books-guide-for-parents-and-teachers/,post,90,My Kid Hates Long Books. Bridge Books Fixed That.,what-are-bridge-books-guide-for-parents-and-teachers,,no,yes,Published REST object
https://staging2.braveheartspublishing.com/blog/bridge-books-for-early-readers/,https://www.braveheartspublishing.com/blog/bridge-books-for-early-readers/,post,48,How to Help Your Child Transition from Picture Books to Chapter Books,bridge-books-for-early-readers,,no,yes,Published REST object
https://staging2.braveheartspublishing.com/blog/bridge-books-for-kids-mount-everest/,https://www.braveheartspublishing.com/blog/bridge-books-for-kids-mount-everest/,post,52,What Comes After Picture Books? Discover Bridge Books for Growing Readers,bridge-books-for-kids-mount-everest,,no,yes,Published REST object
https://staging2.braveheartspublishing.com/blog/best-early-chapter-books-for-6-year-olds/,https://www.braveheartspublishing.com/blog/best-early-chapter-books-for-6-year-olds/,post,32,Best Early Chapter Books for 6 Year Olds,best-early-chapter-books-for-6-year-olds,,no,yes,Published REST object
https://staging2.braveheartspublishing.com/blog/free-teachers-guide-mariana-trench/,https://www.braveheartspublishing.com/blog/free-teachers-guide-mariana-trench/,post,62,Free Teacher’s Guide Is Here — And It’s Ready for Your Classroom,free-teachers-guide-mariana-trench,,no,yes,Published REST object
https://staging2.braveheartspublishing.com/blog/first-real-chapter-book-for-kids/,https://www.braveheartspublishing.com/blog/first-real-chapter-book-for-kids/,post,60,The First Real Chapter Book: Helping Kids Transition From Early Readers,first-real-chapter-book-for-kids,,no,yes,Published REST object
https://staging2.braveheartspublishing.com/blog/best-bridge-books-for-kids/,https://www.braveheartspublishing.com/blog/best-bridge-books-for-kids/,post,30,Bridge Books: The Perfect Next Step After Frog and Toad,best-bridge-books-for-kids,,no,yes,Published REST object
https://staging2.braveheartspublishing.com/blog/how-deep-is-the-mariana-trench-for-kids/,https://www.braveheartspublishing.com/blog/how-deep-is-the-mariana-trench-for-kids/,post,66,How Deep Is the Mariana Trench? (Explained for Kids),how-deep-is-the-mariana-trench-for-kids,,no,yes,Published REST object
https://staging2.braveheartspublishing.com/blog/adventure-books-for-kids-ages-6-9/,https://www.braveheartspublishing.com/blog/adventure-books-for-kids-ages-6-9/,post,26,Why Adventure Books for Kids (Ages 6–9) Build Confidence and Curiosity,adventure-books-for-kids-ages-6-9,,no,yes,Published REST object
https://staging2.braveheartspublishing.com/blog/how-stories-build-resilience-in-children/,https://www.braveheartspublishing.com/blog/how-stories-build-resilience-in-children/,post,68,How Stories Help Children Build Resilience and Courage (Ages 6–9),how-stories-build-resilience-in-children,,no,yes,Published REST object
https://staging2.braveheartspublishing.com/blog/why-stem-storytelling-builds-braver-kids/,https://www.braveheartspublishing.com/blog/why-stem-storytelling-builds-braver-kids/,post,100,"Why STEM Storytelling Builds Braver, More Curious Kids (Ages 6–9)",why-stem-storytelling-builds-braver-kids,,no,yes,Published REST object
https://staging2.braveheartspublishing.com/mailchimp-test/,https://www.braveheartspublishing.com/mailchimp-test/,page,212,Mailchimp Test,mailchimp-test,,no,yes,Published REST object
https://staging2.braveheartspublishing.com/read-alouds/,https://www.braveheartspublishing.com/read-alouds/,page,108,Read-Aloud Books & Classroom Resources for Grades 1-3,read-alouds,,no,yes,Published REST object
https://staging2.braveheartspublishing.com/reluctant-readers/,https://www.braveheartspublishing.com/reluctant-readers/,page,107,Reluctant Readers — What Actually Works for Kids Who Hate Books,reluctant-readers,,no,yes,Published REST object
https://staging2.braveheartspublishing.com/mariana-trench/,https://www.braveheartspublishing.com/mariana-trench/,page,106,"Mariana Trench & Ocean Science for Kids — Facts, Books & Adventures",mariana-trench,,no,yes,Published REST object
https://staging2.braveheartspublishing.com/reading-levels/,https://www.braveheartspublishing.com/reading-levels/,page,105,Reading Levels & Lexile Scores,reading-levels,,no,yes,Published REST object
https://staging2.braveheartspublishing.com/bridge-books/,https://www.braveheartspublishing.com/bridge-books/,page,104,Bridge Books for Kids Ages 6-9 — The Complete Guide,bridge-books,,no,yes,Published REST object
https://staging2.braveheartspublishing.com/teachers/,https://www.braveheartspublishing.com/teachers/,page,103,For Teachers,teachers,,no,yes,Published REST object
https://staging2.braveheartspublishing.com/books/,https://www.braveheartspublishing.com/books/,page,102,Books,books,,no,yes,Published REST object
https://staging2.braveheartspublishing.com/contact/,https://www.braveheartspublishing.com/contact/,page,25,Contact,contact,,no,yes,Published REST object
https://staging2.braveheartspublishing.com/,https://www.braveheartspublishing.com/,page,24,Home,home,,no,yes,Published REST object
https://staging2.braveheartspublishing.com/teachers-guide/,https://www.braveheartspublishing.com/teachers-guide/,page,119,Teacher’s Guide,teachers-guide,,no,yes,Published REST object
https://staging2.braveheartspublishing.com/blog/,https://www.braveheartspublishing.com/blog/,page,118,Blog,blog,,no,yes,Published REST object
https://staging2.braveheartspublishing.com/about/,https://www.braveheartspublishing.com/about/,page,116,About,about,,no,yes,Published REST object
https://staging2.braveheartspublishing.com/my-account/,https://www.braveheartspublishing.com/my-account/,page,9,My account,my-account,,no,yes,Published REST object
https://staging2.braveheartspublishing.com/checkout/,https://www.braveheartspublishing.com/checkout/,page,8,Checkout,checkout,,no,yes,Published REST object
https://staging2.braveheartspublishing.com/cart/,https://www.braveheartspublishing.com/cart/,page,7,Cart,cart,,no,yes,Published REST object
https://staging2.braveheartspublishing.com/shop/,https://www.braveheartspublishing.com/shop/,page,6,Shop,shop,,no,yes,Published REST object
https://staging2.braveheartspublishing.com/sample-page/,https://www.braveheartspublishing.com/sample-page/,page,2,Sample Page,sample-page,,no,yes,Published REST object
https://staging2.braveheartspublishing.com/product/adventures-of-charlotte-and-henry-the-amazon-hardcover/,https://www.braveheartspublishing.com/product/adventures-of-charlotte-and-henry-the-amazon-hardcover/,product,20,Adventures of Charlotte and Henry: The Amazon (Hardcover),adventures-of-charlotte-and-henry-the-amazon-hardcover,,no,yes,Published REST object
https://staging2.braveheartspublishing.com/product/adventures-of-charlotte-and-henry-the-amazon-paperback/,https://www.braveheartspublishing.com/product/adventures-of-charlotte-and-henry-the-amazon-paperback/,product,18,Adventures of Charlotte and Henry: The Amazon (Paperback),adventures-of-charlotte-and-henry-the-amazon-paperback,,no,yes,Published REST object
https://staging2.braveheartspublishing.com/product/adventures-of-charlotte-and-henry-mount-everest-hardcover/,https://www.braveheartspublishing.com/product/adventures-of-charlotte-and-henry-mount-everest-hardcover/,product,17,Adventures of Charlotte and Henry: Mount Everest (Hardcover),adventures-of-charlotte-and-henry-mount-everest-hardcover,,no,yes,Published REST object
https://staging2.braveheartspublishing.com/product/adventures-of-charlotte-and-henry-mount-everest-paperback/,https://www.braveheartspublishing.com/product/adventures-of-charlotte-and-henry-mount-everest-paperback/,product,15,Adventures of Charlotte and Henry: Mount Everest (Paperback),adventures-of-charlotte-and-henry-mount-everest-paperback,,no,yes,Published REST object
https://staging2.braveheartspublishing.com/product/adventures-of-charlotte-and-henry-the-mariana-trench-hardcover/,https://www.braveheartspublishing.com/product/adventures-of-charlotte-and-henry-the-mariana-trench-hardcover/,product,14,Adventures of Charlotte and Henry: The Mariana Trench (Hardcover),adventures-of-charlotte-and-henry-the-mariana-trench-hardcover,,no,yes,Published REST object
https://staging2.braveheartspublishing.com/product/adventures-of-charlotte-and-henry-the-mariana-trench-paperback/,https://www.braveheartspublishing.com/product/adventures-of-charlotte-and-henry-the-mariana-trench-paperback/,product,12,Adventures of Charlotte and Henry: The Mariana Trench (Paperback),adventures-of-charlotte-and-henry-the-mariana-trench-paperback,,no,yes,Published REST object
https://staging2.braveheartspublishing.com/blog/category/adventure/,https://www.braveheartspublishing.com/blog/category/adventure/,category,148,Adventure,adventure,,no,review,count=2
https://staging2.braveheartspublishing.com/blog/category/adventure-book-recommendations/,https://www.braveheartspublishing.com/blog/category/adventure-book-recommendations/,category,196,Adventure Book Recommendations,adventure-book-recommendations,,no,review,count=1
https://staging2.braveheartspublishing.com/blog/category/age-specific-reading-lists/,https://www.braveheartspublishing.com/blog/category/age-specific-reading-lists/,category,50,Age-Specific Reading Lists,age-specific-reading-lists,,no,review,count=1
https://staging2.braveheartspublishing.com/blog/category/ages-6-9/,https://www.braveheartspublishing.com/blog/category/ages-6-9/,category,88,Ages 6-9,ages-6-9,,no,review,count=2
https://staging2.braveheartspublishing.com/blog/category/author-life/,https://www.braveheartspublishing.com/blog/category/author-life/,category,134,Author Life,author-life,,no,review,count=3
https://staging2.braveheartspublishing.com/blog/category/book-news/,https://www.braveheartspublishing.com/blog/category/book-news/,category,135,Book News,book-news,,no,review,count=1
https://staging2.braveheartspublishing.com/blog/category/book-recommendations/,https://www.braveheartspublishing.com/blog/category/book-recommendations/,category,60,Book recommendations,book-recommendations,,no,review,count=6
https://staging2.braveheartspublishing.com/blog/category/books-for-kids/,https://www.braveheartspublishing.com/blog/category/books-for-kids/,category,118,Books for Kids,books-for-kids,,no,review,count=1
https://staging2.braveheartspublishing.com/blog/category/bridge-books/,https://www.braveheartspublishing.com/blog/category/bridge-books/,category,49,Bridge Books,bridge-books,,no,review,count=11
https://staging2.braveheartspublishing.com/blog/category/childrens-books/,https://www.braveheartspublishing.com/blog/category/childrens-books/,category,70,children's books,childrens-books,,no,review,count=1
https://staging2.braveheartspublishing.com/blog/category/classroom-resources/,https://www.braveheartspublishing.com/blog/category/classroom-resources/,category,129,Classroom Resources,classroom-resources,,no,review,count=2
https://staging2.braveheartspublishing.com/blog/category/early-readers/,https://www.braveheartspublishing.com/blog/category/early-readers/,category,87,Early Readers,early-readers,,no,review,count=2
https://staging2.braveheartspublishing.com/blog/category/null-null/,https://www.braveheartspublishing.com/blog/category/null-null/,category,33,null - null,null-null,,no,review,count=0
https://staging2.braveheartspublishing.com/blog/category/ocean-science/,https://www.braveheartspublishing.com/blog/category/ocean-science/,category,61,Ocean Science,ocean-science,,no,review,count=1
https://staging2.braveheartspublishing.com/blog/category/read-alouds/,https://www.braveheartspublishing.com/blog/category/read-alouds/,category,128,Read alouds,read-alouds,,no,review,count=1
https://staging2.braveheartspublishing.com/blog/category/reading-development/,https://www.braveheartspublishing.com/blog/category/reading-development/,category,108,Reading Development,reading-development,,no,review,count=1
https://staging2.braveheartspublishing.com/blog/category/reading-help-for-parents/,https://www.braveheartspublishing.com/blog/category/reading-help-for-parents/,category,102,Reading Help for Parents,reading-help-for-parents,,no,review,count=3
https://staging2.braveheartspublishing.com/blog/category/reading-levels-lexile/,https://www.braveheartspublishing.com/blog/category/reading-levels-lexile/,category,115,Reading Levels &amp; Lexile,reading-levels-lexile,,no,review,count=2
https://staging2.braveheartspublishing.com/blog/category/reading-lists/,https://www.braveheartspublishing.com/blog/category/reading-lists/,category,191,Reading Lists,reading-lists,,no,review,count=1
https://staging2.braveheartspublishing.com/blog/category/reading-tips/,https://www.braveheartspublishing.com/blog/category/reading-tips/,category,86,Reading Tips,reading-tips,,no,review,count=3
https://staging2.braveheartspublishing.com/blog/category/reading-tips-for-parents/,https://www.braveheartspublishing.com/blog/category/reading-tips-for-parents/,category,84,Reading Tips for Parents,reading-tips-for-parents,,no,review,count=4
https://staging2.braveheartspublishing.com/blog/category/reluctant-readers/,https://www.braveheartspublishing.com/blog/category/reluctant-readers/,category,101,Reluctant Readers,reluctant-readers,,no,review,count=3
https://staging2.braveheartspublishing.com/blog/category/science-for-kids/,https://www.braveheartspublishing.com/blog/category/science-for-kids/,category,149,science for kids,science-for-kids,,no,review,count=1
https://staging2.braveheartspublishing.com/blog/category/stem/,https://www.braveheartspublishing.com/blog/category/stem/,category,170,STEM,stem,,no,review,count=1
https://staging2.braveheartspublishing.com/blog/category/summer-reading/,https://www.braveheartspublishing.com/blog/category/summer-reading/,category,78,Summer Reading,summer-reading,,no,review,count=1
https://staging2.braveheartspublishing.com/blog/category/teacher-resources/,https://www.braveheartspublishing.com/blog/category/teacher-resources/,category,69,Teacher Resources,teacher-resources,,no,review,count=2
https://staging2.braveheartspublishing.com/blog/category/the-mariana-trench/,https://www.braveheartspublishing.com/blog/category/the-mariana-trench/,category,179,The Mariana Trench,the-mariana-trench,,no,review,count=1
https://staging2.braveheartspublishing.com/blog/category/uncategorized/,https://www.braveheartspublishing.com/blog/category/uncategorized/,category,1,Uncategorized,uncategorized,,no,review,count=13
https://staging2.braveheartspublishing.com/blog/tag/1st-grade-reading-level/,https://www.braveheartspublishing.com/blog/tag/1st-grade-reading-level/,post_tag,112,1st grade reading level,1st-grade-reading-level,,no,review,count=2
https://staging2.braveheartspublishing.com/blog/tag/2nd-grade-reading-level/,https://www.braveheartspublishing.com/blog/tag/2nd-grade-reading-level/,post_tag,113,2nd grade reading level,2nd-grade-reading-level,,no,review,count=2
https://staging2.braveheartspublishing.com/blog/tag/3rd-grade-reading-level/,https://www.braveheartspublishing.com/blog/tag/3rd-grade-reading-level/,post_tag,114,3rd grade reading level,3rd-grade-reading-level,,no,review,count=2
https://staging2.braveheartspublishing.com/blog/tag/7-year-old-books/,https://www.braveheartspublishing.com/blog/tag/7-year-old-books/,post_tag,47,7 year old books,7-year-old-books,,no,review,count=1
https://staging2.braveheartspublishing.com/blog/tag/adventure-books-for-kids/,https://www.braveheartspublishing.com/blog/tag/adventure-books-for-kids/,post_tag,44,adventure books for kids,adventure-books-for-kids,,no,review,count=4
https://staging2.braveheartspublishing.com/blog/tag/adventure-science-books/,https://www.braveheartspublishing.com/blog/tag/adventure-science-books/,post_tag,166,adventure science books,adventure-science-books,,no,review,count=1
https://staging2.braveheartspublishing.com/blog/tag/adventures-of-charlotte-and-henry/,https://www.braveheartspublishing.com/blog/tag/adventures-of-charlotte-and-henry/,post_tag,105,Adventures of Charlotte and Henry,adventures-of-charlotte-and-henry,,no,review,count=3
https://staging2.braveheartspublishing.com/blog/tag/ages-6-9/,https://www.braveheartspublishing.com/blog/tag/ages-6-9/,post_tag,53,ages 6-9,ages-6-9,,no,review,count=6
https://staging2.braveheartspublishing.com/blog/tag/andrew-signore/,https://www.braveheartspublishing.com/blog/tag/andrew-signore/,post_tag,133,Andrew Signore,andrew-signore,,no,review,count=2
https://staging2.braveheartspublishing.com/blog/tag/best-books-for-7-year-olds/,https://www.braveheartspublishing.com/blog/tag/best-books-for-7-year-olds/,post_tag,34,best books for 7 year olds,best-books-for-7-year-olds,,no,review,count=1
https://staging2.braveheartspublishing.com/blog/tag/best-books-for-grades-1-3/,https://www.braveheartspublishing.com/blog/tag/best-books-for-grades-1-3/,post_tag,64,best books for grades 1-3,best-books-for-grades-1-3,,no,review,count=2
https://staging2.braveheartspublishing.com/blog/tag/best-kids-books/,https://www.braveheartspublishing.com/blog/tag/best-kids-books/,post_tag,46,best kids books,best-kids-books,,no,review,count=1
https://staging2.braveheartspublishing.com/blog/tag/best-read-aloud-books/,https://www.braveheartspublishing.com/blog/tag/best-read-aloud-books/,post_tag,120,best read aloud books,best-read-aloud-books,,no,review,count=1
https://staging2.braveheartspublishing.com/blog/tag/boise-idaho/,https://www.braveheartspublishing.com/blog/tag/boise-idaho/,post_tag,175,Boise Idaho,boise-idaho,,no,review,count=1
https://staging2.braveheartspublishing.com/blog/tag/book-for-kids-ages-6-9/,https://www.braveheartspublishing.com/blog/tag/book-for-kids-ages-6-9/,post_tag,38,book for kids ages 6-9,book-for-kids-ages-6-9,,no,review,count=1
https://staging2.braveheartspublishing.com/blog/tag/books-for-7-year-olds/,https://www.braveheartspublishing.com/blog/tag/books-for-7-year-olds/,post_tag,35,books for 7 year olds,books-for-7-year-olds,,no,review,count=2
https://staging2.braveheartspublishing.com/blog/tag/books-for-8-year-olds/,https://www.braveheartspublishing.com/blog/tag/books-for-8-year-olds/,post_tag,81,books for 8 year olds,books-for-8-year-olds,,no,review,count=1
https://staging2.braveheartspublishing.com/blog/tag/books-for-boys-ages-6-9/,https://www.braveheartspublishing.com/blog/tag/books-for-boys-ages-6-9/,post_tag,186,books for boys ages 6-9,books-for-boys-ages-6-9,,no,review,count=1
https://staging2.braveheartspublishing.com/blog/tag/books-for-first-graders/,https://www.braveheartspublishing.com/blog/tag/books-for-first-graders/,post_tag,41,books for first graders,books-for-first-graders,,no,review,count=1
https://staging2.braveheartspublishing.com/blog/tag/books-for-kids-ages-6-9/,https://www.braveheartspublishing.com/blog/tag/books-for-kids-ages-6-9/,post_tag,73,Books for kids ages 6-9,books-for-kids-ages-6-9,,no,review,count=6
https://staging2.braveheartspublishing.com/blog/tag/books-for-kids-who-love-science/,https://www.braveheartspublishing.com/blog/tag/books-for-kids-who-love-science/,post_tag,169,books for kids who love science,books-for-kids-who-love-science,,no,review,count=1
https://staging2.braveheartspublishing.com/blog/tag/books-for-reluctant-readers/,https://www.braveheartspublishing.com/blog/tag/books-for-reluctant-readers/,post_tag,76,books for reluctant readers,books-for-reluctant-readers,,no,review,count=2
https://staging2.braveheartspublishing.com/blog/tag/books-for-second-graders/,https://www.braveheartspublishing.com/blog/tag/books-for-second-graders/,post_tag,42,books for second graders,books-for-second-graders,,no,review,count=1
https://staging2.braveheartspublishing.com/blog/tag/books-for-struggling-readers/,https://www.braveheartspublishing.com/blog/tag/books-for-struggling-readers/,post_tag,75,books for struggling readers,books-for-struggling-readers,,no,review,count=3
https://staging2.braveheartspublishing.com/blog/tag/books-like-dog-man/,https://www.braveheartspublishing.com/blog/tag/books-like-dog-man/,post_tag,181,books like dog man,books-like-dog-man,,no,review,count=1
https://staging2.braveheartspublishing.com/blog/tag/books-like-magic-tree-house/,https://www.braveheartspublishing.com/blog/tag/books-like-magic-tree-house/,post_tag,79,books like magic tree house,books-like-magic-tree-house,,no,review,count=1
https://staging2.braveheartspublishing.com/blog/tag/brave-hearts-publishing/,https://www.braveheartspublishing.com/blog/tag/brave-hearts-publishing/,post_tag,83,Brave Hearts Publishing,brave-hearts-publishing,,no,review,count=7
https://staging2.braveheartspublishing.com/blog/tag/bridge-books/,https://www.braveheartspublishing.com/blog/tag/bridge-books/,post_tag,37,Bridge Books,bridge-books,,no,review,count=15
https://staging2.braveheartspublishing.com/blog/tag/bridge-books-for-kids/,https://www.braveheartspublishing.com/blog/tag/bridge-books-for-kids/,post_tag,97,bridge books for kids,bridge-books-for-kids,,no,review,count=3
https://staging2.braveheartspublishing.com/blog/tag/bridge-books-for-struggling-readers/,https://www.braveheartspublishing.com/blog/tag/bridge-books-for-struggling-readers/,post_tag,89,bridge books for struggling readers,bridge-books-for-struggling-readers,,no,review,count=2
https://staging2.braveheartspublishing.com/blog/tag/bridge-books-from-graphic-novels/,https://www.braveheartspublishing.com/blog/tag/bridge-books-from-graphic-novels/,post_tag,184,bridge books from graphic novels,bridge-books-from-graphic-novels,,no,review,count=1
https://staging2.braveheartspublishing.com/blog/tag/captain-underpants-books/,https://www.braveheartspublishing.com/blog/tag/captain-underpants-books/,post_tag,185,captain underpants books,captain-underpants-books,,no,review,count=1
https://staging2.braveheartspublishing.com/blog/tag/chapter-books-for-beginners/,https://www.braveheartspublishing.com/blog/tag/chapter-books-for-beginners/,post_tag,96,chapter books for beginners,chapter-books-for-beginners,,no,review,count=1
https://staging2.braveheartspublishing.com/blog/tag/chapter-books-for-kids/,https://www.braveheartspublishing.com/blog/tag/chapter-books-for-kids/,post_tag,39,chapter books for kids,chapter-books-for-kids,,no,review,count=4
https://staging2.braveheartspublishing.com/blog/tag/charlotte-and-henry/,https://www.braveheartspublishing.com/blog/tag/charlotte-and-henry/,post_tag,82,Charlotte and Henry,charlotte-and-henry,,no,review,count=4
https://staging2.braveheartspublishing.com/blog/tag/charlotte-and-henry-books/,https://www.braveheartspublishing.com/blog/tag/charlotte-and-henry-books/,post_tag,195,Charlotte and Henry Books,charlotte-and-henry-books,,no,review,count=1
https://staging2.braveheartspublishing.com/blog/tag/childrens-book-author/,https://www.braveheartspublishing.com/blog/tag/childrens-book-author/,post_tag,193,Children's Book Author,childrens-book-author,,no,review,count=1
https://staging2.braveheartspublishing.com/blog/tag/childrens-book-review/,https://www.braveheartspublishing.com/blog/tag/childrens-book-review/,post_tag,132,children's book review,childrens-book-review,,no,review,count=1
https://staging2.braveheartspublishing.com/blog/tag/childrens-books/,https://www.braveheartspublishing.com/blog/tag/childrens-books/,post_tag,67,Children's Books,childrens-books,,no,review,count=3
https://staging2.braveheartspublishing.com/blog/tag/childrens-reading-stages/,https://www.braveheartspublishing.com/blog/tag/childrens-reading-stages/,post_tag,99,children's reading stages,childrens-reading-stages,,no,review,count=1
https://staging2.braveheartspublishing.com/blog/tag/classroom-read-aloud/,https://www.braveheartspublishing.com/blog/tag/classroom-read-aloud/,post_tag,63,classroom read aloud,classroom-read-aloud,,no,review,count=2
https://staging2.braveheartspublishing.com/blog/tag/classroom-resources/,https://www.braveheartspublishing.com/blog/tag/classroom-resources/,post_tag,140,classroom resources,classroom-resources,,no,review,count=2
https://staging2.braveheartspublishing.com/blog/tag/classroom-visit/,https://www.braveheartspublishing.com/blog/tag/classroom-visit/,post_tag,172,classroom visit,classroom-visit,,no,review,count=1
https://staging2.braveheartspublishing.com/blog/tag/deep-sea/,https://www.braveheartspublishing.com/blog/tag/deep-sea/,post_tag,137,Deep sea,deep-sea,,no,review,count=1
https://staging2.braveheartspublishing.com/blog/tag/dog-man-next-book/,https://www.braveheartspublishing.com/blog/tag/dog-man-next-book/,post_tag,182,dog man next book,dog-man-next-book,,no,review,count=1
https://staging2.braveheartspublishing.com/blog/tag/dog-man-to-magic-tree-house/,https://www.braveheartspublishing.com/blog/tag/dog-man-to-magic-tree-house/,post_tag,103,dog man to magic tree house,dog-man-to-magic-tree-house,,no,review,count=1
https://staging2.braveheartspublishing.com/blog/tag/early-chapter-books/,https://www.braveheartspublishing.com/blog/tag/early-chapter-books/,post_tag,36,early chapter books,early-chapter-books,,no,review,count=9
https://staging2.braveheartspublishing.com/blog/tag/early-readers/,https://www.braveheartspublishing.com/blog/tag/early-readers/,post_tag,48,Early Readers,early-readers,,no,review,count=10
https://staging2.braveheartspublishing.com/blog/tag/early-readers-ages-6-9/,https://www.braveheartspublishing.com/blog/tag/early-readers-ages-6-9/,post_tag,91,early readers ages 6-9,early-readers-ages-6-9,,no,review,count=1
https://staging2.braveheartspublishing.com/blog/tag/elementary-classroom/,https://www.braveheartspublishing.com/blog/tag/elementary-classroom/,post_tag,66,elementary classroom,elementary-classroom,,no,review,count=1
https://staging2.braveheartspublishing.com/blog/tag/elementary-read-aloud/,https://www.braveheartspublishing.com/blog/tag/elementary-read-aloud/,post_tag,123,elementary read aloud,elementary-read-aloud,,no,review,count=1
https://staging2.braveheartspublishing.com/blog/tag/elementary-teacher/,https://www.braveheartspublishing.com/blog/tag/elementary-teacher/,post_tag,173,elementary teacher,elementary-teacher,,no,review,count=1
https://staging2.braveheartspublishing.com/blog/tag/everest-for-kids/,https://www.braveheartspublishing.com/blog/tag/everest-for-kids/,post_tag,147,everest for kids,everest-for-kids,,no,review,count=1
https://staging2.braveheartspublishing.com/blog/tag/facts-for-kids/,https://www.braveheartspublishing.com/blog/tag/facts-for-kids/,post_tag,142,facts for kids,facts-for-kids,,no,review,count=1
https://staging2.braveheartspublishing.com/blog/tag/find-books-by-lexile-level/,https://www.braveheartspublishing.com/blog/tag/find-books-by-lexile-level/,post_tag,109,find books by lexile level,find-books-by-lexile-level,,no,review,count=2
https://staging2.braveheartspublishing.com/blog/tag/funny-books-for-kids/,https://www.braveheartspublishing.com/blog/tag/funny-books-for-kids/,post_tag,187,funny books for kids,funny-books-for-kids,,no,review,count=1
https://staging2.braveheartspublishing.com/blog/tag/gap-between-picture-books-and-chapter-books/,https://www.braveheartspublishing.com/blog/tag/gap-between-picture-books-and-chapter-books/,post_tag,116,gap between picture books and chapter books,gap-between-picture-books-and-chapter-books,,no,review,count=1
https://staging2.braveheartspublishing.com/blog/tag/geography-for-kids/,https://www.braveheartspublishing.com/blog/tag/geography-for-kids/,post_tag,146,geography for kids,geography-for-kids,,no,review,count=1
https://staging2.braveheartspublishing.com/blog/tag/grades-1-3/,https://www.braveheartspublishing.com/blog/tag/grades-1-3/,post_tag,54,grades 1-3,grades-1-3,,no,review,count=3
https://staging2.braveheartspublishing.com/blog/tag/grades-1-3-read-aloud/,https://www.braveheartspublishing.com/blog/tag/grades-1-3-read-aloud/,post_tag,122,grades 1-3 read aloud,grades-1-3-read-aloud,,no,review,count=1
https://staging2.braveheartspublishing.com/blog/tag/graphic-novel-to-chapter-books/,https://www.braveheartspublishing.com/blog/tag/graphic-novel-to-chapter-books/,post_tag,188,graphic novel to chapter books,graphic-novel-to-chapter-books,,no,review,count=1
https://staging2.braveheartspublishing.com/blog/tag/graphic-novels-for-kids/,https://www.braveheartspublishing.com/blog/tag/graphic-novels-for-kids/,post_tag,183,graphic novels for kids,graphic-novels-for-kids,,no,review,count=1
https://staging2.braveheartspublishing.com/blog/tag/how-to-choose-a-read-aloud/,https://www.braveheartspublishing.com/blog/tag/how-to-choose-a-read-aloud/,post_tag,125,how to choose a read aloud,how-to-choose-a-read-aloud,,no,review,count=1
https://staging2.braveheartspublishing.com/blog/tag/how-to-get-kids-to-read/,https://www.braveheartspublishing.com/blog/tag/how-to-get-kids-to-read/,post_tag,153,how to get kids to read,how-to-get-kids-to-read,,no,review,count=1
https://staging2.braveheartspublishing.com/blog/tag/how-to-pick-a-read-aloud/,https://www.braveheartspublishing.com/blog/tag/how-to-pick-a-read-aloud/,post_tag,119,How to pick a read aloud,how-to-pick-a-read-aloud,,no,review,count=1
https://staging2.braveheartspublishing.com/blog/tag/how-to-use-lexile-score/,https://www.braveheartspublishing.com/blog/tag/how-to-use-lexile-score/,post_tag,110,how to use lexile score,how-to-use-lexile-score,,no,review,count=2
https://staging2.braveheartspublishing.com/blog/tag/is-my-child-behind-in-reading/,https://www.braveheartspublishing.com/blog/tag/is-my-child-behind-in-reading/,post_tag,159,is my child behind in reading,is-my-child-behind-in-reading,,no,review,count=1
https://staging2.braveheartspublishing.com/blog/tag/kids-books/,https://www.braveheartspublishing.com/blog/tag/kids-books/,post_tag,174,kids books,kids-books,,no,review,count=1
https://staging2.braveheartspublishing.com/blog/tag/kids-books-age-7/,https://www.braveheartspublishing.com/blog/tag/kids-books-age-7/,post_tag,40,kids books age 7,kids-books-age-7,,no,review,count=1
https://staging2.braveheartspublishing.com/blog/tag/kids-reading-help/,https://www.braveheartspublishing.com/blog/tag/kids-reading-help/,post_tag,160,kids reading help,kids-reading-help,,no,review,count=1
https://staging2.braveheartspublishing.com/blog/tag/kids-reading-level/,https://www.braveheartspublishing.com/blog/tag/kids-reading-level/,post_tag,117,Kids reading level,kids-reading-level,,no,review,count=2
https://staging2.braveheartspublishing.com/blog/tag/kids-science/,https://www.braveheartspublishing.com/blog/tag/kids-science/,post_tag,143,kids science,kids-science,,no,review,count=1
https://staging2.braveheartspublishing.com/blog/tag/kids-who-hate-reading/,https://www.braveheartspublishing.com/blog/tag/kids-who-hate-reading/,post_tag,93,kids who hate reading,kids-who-hate-reading,,no,review,count=2
https://staging2.braveheartspublishing.com/blog/tag/kids-who-love-graphic-novels/,https://www.braveheartspublishing.com/blog/tag/kids-who-love-graphic-novels/,post_tag,189,kids who love graphic novels,kids-who-love-graphic-novels,,no,review,count=1
https://staging2.braveheartspublishing.com/blog/tag/kirkus-review/,https://www.braveheartspublishing.com/blog/tag/kirkus-review/,post_tag,130,Kirkus Review,kirkus-review,,no,review,count=1
https://staging2.braveheartspublishing.com/blog/tag/kirkus-reviews-childrens-book/,https://www.braveheartspublishing.com/blog/tag/kirkus-reviews-childrens-book/,post_tag,131,Kirkus reviews children's book,kirkus-reviews-childrens-book,,no,review,count=1
https://staging2.braveheartspublishing.com/blog/tag/lexile-explained/,https://www.braveheartspublishing.com/blog/tag/lexile-explained/,post_tag,106,lexile explained,lexile-explained,,no,review,count=2
https://staging2.braveheartspublishing.com/blog/tag/lexile-score/,https://www.braveheartspublishing.com/blog/tag/lexile-score/,post_tag,111,Lexile score,lexile-score,,no,review,count=4
https://staging2.braveheartspublishing.com/blog/tag/lexile-score-by-grade-level/,https://www.braveheartspublishing.com/blog/tag/lexile-score-by-grade-level/,post_tag,150,lexile score by grade level,lexile-score-by-grade-level,,no,review,count=1
https://staging2.braveheartspublishing.com/blog/tag/magic-tree-house-alternatives/,https://www.braveheartspublishing.com/blog/tag/magic-tree-house-alternatives/,post_tag,80,magic tree house alternatives,magic-tree-house-alternatives,,no,review,count=1
https://staging2.braveheartspublishing.com/blog/tag/mariana-trench/,https://www.braveheartspublishing.com/blog/tag/mariana-trench/,post_tag,136,Mariana Trench,mariana-trench,,no,review,count=2
https://staging2.braveheartspublishing.com/blog/tag/mariana-trench-book/,https://www.braveheartspublishing.com/blog/tag/mariana-trench-book/,post_tag,68,Mariana Trench Book,mariana-trench-book,,no,review,count=2
https://staging2.braveheartspublishing.com/blog/tag/mariana-trench-facts/,https://www.braveheartspublishing.com/blog/tag/mariana-trench-facts/,post_tag,178,Mariana Trench Facts,mariana-trench-facts,,no,review,count=1
https://staging2.braveheartspublishing.com/blog/tag/marine-science/,https://www.braveheartspublishing.com/blog/tag/marine-science/,post_tag,55,marine science,marine-science,,no,review,count=1
https://staging2.braveheartspublishing.com/blog/tag/mount-everest/,https://www.braveheartspublishing.com/blog/tag/mount-everest/,post_tag,141,Mount Everest,mount-everest,,no,review,count=1
https://staging2.braveheartspublishing.com/blog/tag/mountain-books-for-kids/,https://www.braveheartspublishing.com/blog/tag/mountain-books-for-kids/,post_tag,144,mountain books for kids,mountain-books-for-kids,,no,review,count=1
https://staging2.braveheartspublishing.com/blog/tag/my-child-hates-reading/,https://www.braveheartspublishing.com/blog/tag/my-child-hates-reading/,post_tag,151,my child hates reading,my-child-hates-reading,,no,review,count=1
https://staging2.braveheartspublishing.com/blog/tag/nature-for-kids/,https://www.braveheartspublishing.com/blog/tag/nature-for-kids/,post_tag,145,nature for kids,nature-for-kids,,no,review,count=1
https://staging2.braveheartspublishing.com/blog/tag/next-step-after-graphic-novels/,https://www.braveheartspublishing.com/blog/tag/next-step-after-graphic-novels/,post_tag,190,next step after graphic novels,next-step-after-graphic-novels,,no,review,count=1
https://staging2.braveheartspublishing.com/blog/tag/ocean-books-for-kids/,https://www.braveheartspublishing.com/blog/tag/ocean-books-for-kids/,post_tag,52,ocean books for kids,ocean-books-for-kids,,no,review,count=1
https://staging2.braveheartspublishing.com/blog/tag/ocean-chapter-books-for-kids/,https://www.braveheartspublishing.com/blog/tag/ocean-chapter-books-for-kids/,post_tag,57,ocean chapter books for kids,ocean-chapter-books-for-kids,,no,review,count=1
https://staging2.braveheartspublishing.com/blog/tag/ocean-facts/,https://www.braveheartspublishing.com/blog/tag/ocean-facts/,post_tag,51,Ocean Facts,ocean-facts,,no,review,count=2
https://staging2.braveheartspublishing.com/blog/tag/origin-story/,https://www.braveheartspublishing.com/blog/tag/origin-story/,post_tag,194,Origin Story,origin-story,,no,review,count=1
https://staging2.braveheartspublishing.com/blog/tag/parent-reading-guide/,https://www.braveheartspublishing.com/blog/tag/parent-reading-guide/,post_tag,162,parent reading guide,parent-reading-guide,,no,review,count=1
https://staging2.braveheartspublishing.com/blog/tag/picture-books-to-chapter-books/,https://www.braveheartspublishing.com/blog/tag/picture-books-to-chapter-books/,post_tag,90,picture books to chapter books,picture-books-to-chapter-books,,no,review,count=2
https://staging2.braveheartspublishing.com/blog/tag/read-aloud/,https://www.braveheartspublishing.com/blog/tag/read-aloud/,post_tag,171,read aloud,read-aloud,,no,review,count=1
https://staging2.braveheartspublishing.com/blog/tag/read-aloud-books/,https://www.braveheartspublishing.com/blog/tag/read-aloud-books/,post_tag,62,Read aloud books,read-aloud-books,,no,review,count=1
https://staging2.braveheartspublishing.com/blog/tag/read-aloud-chapter-books/,https://www.braveheartspublishing.com/blog/tag/read-aloud-chapter-books/,post_tag,126,read aloud chapter books,read-aloud-chapter-books,,no,review,count=1
https://staging2.braveheartspublishing.com/blog/tag/read-aloud-for-kids/,https://www.braveheartspublishing.com/blog/tag/read-aloud-for-kids/,post_tag,127,read aloud for kids,read-aloud-for-kids,,no,review,count=1
https://staging2.braveheartspublishing.com/blog/tag/read-aloud-tips/,https://www.braveheartspublishing.com/blog/tag/read-aloud-tips/,post_tag,124,read aloud tips,read-aloud-tips,,no,review,count=1
https://staging2.braveheartspublishing.com/blog/tag/reading-confidence/,https://www.braveheartspublishing.com/blog/tag/reading-confidence/,post_tag,100,reading confidence,reading-confidence,,no,review,count=1
https://staging2.braveheartspublishing.com/blog/tag/reading-development/,https://www.braveheartspublishing.com/blog/tag/reading-development/,post_tag,95,reading development,reading-development,,no,review,count=1
https://staging2.braveheartspublishing.com/blog/tag/reading-help-ages-6-9/,https://www.braveheartspublishing.com/blog/tag/reading-help-ages-6-9/,post_tag,152,reading help ages 6-9,reading-help-ages-6-9,,no,review,count=1
https://staging2.braveheartspublishing.com/blog/tag/reading-help-for-parents/,https://www.braveheartspublishing.com/blog/tag/reading-help-for-parents/,post_tag,94,reading help for parents,reading-help-for-parents,,no,review,count=1
https://staging2.braveheartspublishing.com/blog/tag/reading-level/,https://www.braveheartspublishing.com/blog/tag/reading-level/,post_tag,177,reading level,reading-level,,no,review,count=1
https://staging2.braveheartspublishing.com/blog/tag/reading-level-by-grade/,https://www.braveheartspublishing.com/blog/tag/reading-level-by-grade/,post_tag,156,reading level by grade,reading-level-by-grade,,no,review,count=1
https://staging2.braveheartspublishing.com/blog/tag/reading-level-chart/,https://www.braveheartspublishing.com/blog/tag/reading-level-chart/,post_tag,161,reading level chart,reading-level-chart,,no,review,count=1
https://staging2.braveheartspublishing.com/blog/tag/reading-levels-chart/,https://www.braveheartspublishing.com/blog/tag/reading-levels-chart/,post_tag,158,reading levels chart,reading-levels-chart,,no,review,count=1
https://staging2.braveheartspublishing.com/blog/tag/reading-list-for-kids/,https://www.braveheartspublishing.com/blog/tag/reading-list-for-kids/,post_tag,45,reading list for kids,reading-list-for-kids,,no,review,count=1
https://staging2.braveheartspublishing.com/blog/tag/reading-motivation/,https://www.braveheartspublishing.com/blog/tag/reading-motivation/,post_tag,154,reading motivation,reading-motivation,,no,review,count=1
https://staging2.braveheartspublishing.com/blog/tag/reading-progression-kids/,https://www.braveheartspublishing.com/blog/tag/reading-progression-kids/,post_tag,107,reading progression kids,reading-progression-kids,,no,review,count=1
https://staging2.braveheartspublishing.com/blog/tag/reading-roadmap/,https://www.braveheartspublishing.com/blog/tag/reading-roadmap/,post_tag,104,reading roadmap,reading-roadmap,,no,review,count=1
https://staging2.braveheartspublishing.com/blog/tag/reading-stamina/,https://www.braveheartspublishing.com/blog/tag/reading-stamina/,post_tag,92,reading stamina,reading-stamina,,no,review,count=1
https://staging2.braveheartspublishing.com/blog/tag/reading-tips/,https://www.braveheartspublishing.com/blog/tag/reading-tips/,post_tag,85,Reading Tips,reading-tips,,no,review,count=2
https://staging2.braveheartspublishing.com/blog/tag/reading-transition/,https://www.braveheartspublishing.com/blog/tag/reading-transition/,post_tag,98,reading transition,reading-transition,,no,review,count=2
https://staging2.braveheartspublishing.com/blog/tag/reluctant-readers/,https://www.braveheartspublishing.com/blog/tag/reluctant-readers/,post_tag,43,reluctant readers,reluctant-readers,,no,review,count=8
https://staging2.braveheartspublishing.com/blog/tag/science-books-for-7-year-olds/,https://www.braveheartspublishing.com/blog/tag/science-books-for-7-year-olds/,post_tag,167,science books for 7 year olds,science-books-for-7-year-olds,,no,review,count=1
https://staging2.braveheartspublishing.com/blog/tag/science-books-for-8-year-olds/,https://www.braveheartspublishing.com/blog/tag/science-books-for-8-year-olds/,post_tag,168,science books for 8 year olds,science-books-for-8-year-olds,,no,review,count=1
https://staging2.braveheartspublishing.com/blog/tag/science-books-for-kids/,https://www.braveheartspublishing.com/blog/tag/science-books-for-kids/,post_tag,163,science books for kids,science-books-for-kids,,no,review,count=1
https://staging2.braveheartspublishing.com/blog/tag/science-chapter-books-for-kids/,https://www.braveheartspublishing.com/blog/tag/science-chapter-books-for-kids/,post_tag,164,science chapter books for kids,science-chapter-books-for-kids,,no,review,count=1
https://staging2.braveheartspublishing.com/blog/tag/science-facts/,https://www.braveheartspublishing.com/blog/tag/science-facts/,post_tag,139,science facts,science-facts,,no,review,count=1
https://staging2.braveheartspublishing.com/blog/tag/sea-adventure-books/,https://www.braveheartspublishing.com/blog/tag/sea-adventure-books/,post_tag,59,sea adventure books,sea-adventure-books,,no,review,count=1
https://staging2.braveheartspublishing.com/blog/tag/sea-books-for-kids/,https://www.braveheartspublishing.com/blog/tag/sea-books-for-kids/,post_tag,58,sea books for kids,sea-books-for-kids,,no,review,count=1
https://staging2.braveheartspublishing.com/blog/tag/stem-books/,https://www.braveheartspublishing.com/blog/tag/stem-books/,post_tag,56,stem books,stem-books,,no,review,count=3
https://staging2.braveheartspublishing.com/blog/tag/stem-books-for-kids-ages-6-9/,https://www.braveheartspublishing.com/blog/tag/stem-books-for-kids-ages-6-9/,post_tag,165,stem books for kids ages 6-9,stem-books-for-kids-ages-6-9,,no,review,count=1
https://staging2.braveheartspublishing.com/blog/tag/stem-for-kids/,https://www.braveheartspublishing.com/blog/tag/stem-for-kids/,post_tag,138,stem for kids,stem-for-kids,,no,review,count=2
https://staging2.braveheartspublishing.com/blog/tag/struggling-readers/,https://www.braveheartspublishing.com/blog/tag/struggling-readers/,post_tag,155,struggling readers,struggling-readers,,no,review,count=1
https://staging2.braveheartspublishing.com/blog/tag/summer-books-for-kids/,https://www.braveheartspublishing.com/blog/tag/summer-books-for-kids/,post_tag,77,summer books for kids,summer-books-for-kids,,no,review,count=1
https://staging2.braveheartspublishing.com/blog/tag/summer-reading/,https://www.braveheartspublishing.com/blog/tag/summer-reading/,post_tag,71,Summer Reading,summer-reading,,no,review,count=1
https://staging2.braveheartspublishing.com/blog/tag/summer-reading-list/,https://www.braveheartspublishing.com/blog/tag/summer-reading-list/,post_tag,72,Summer Reading List,summer-reading-list,,no,review,count=1
https://staging2.braveheartspublishing.com/blog/tag/summer-slide/,https://www.braveheartspublishing.com/blog/tag/summer-slide/,post_tag,74,summer slide,summer-slide,,no,review,count=1
https://staging2.braveheartspublishing.com/blog/tag/teacher-appreciation-week/,https://www.braveheartspublishing.com/blog/tag/teacher-appreciation-week/,post_tag,65,teacher appreciation week,teacher-appreciation-week,,no,review,count=3
https://staging2.braveheartspublishing.com/blog/tag/teacher-read-aloud/,https://www.braveheartspublishing.com/blog/tag/teacher-read-aloud/,post_tag,121,teacher read aloud,teacher-read-aloud,,no,review,count=1
https://staging2.braveheartspublishing.com/blog/tag/transitional-readers/,https://www.braveheartspublishing.com/blog/tag/transitional-readers/,post_tag,176,transitional readers,transitional-readers,,no,review,count=1
https://staging2.braveheartspublishing.com/blog/tag/what-reading-level-should-my-child-be-at/,https://www.braveheartspublishing.com/blog/tag/what-reading-level-should-my-child-be-at/,post_tag,157,what reading level should my child be at,what-reading-level-should-my-child-be-at,,no,review,count=1
https://staging2.braveheartspublishing.com/blog/tag/what-to-read-after-dog-man/,https://www.braveheartspublishing.com/blog/tag/what-to-read-after-dog-man/,post_tag,180,What to read after dog man,what-to-read-after-dog-man,,no,review,count=1
https://staging2.braveheartspublishing.com/blog/tag/why-i-wrote-this-book/,https://www.braveheartspublishing.com/blog/tag/why-i-wrote-this-book/,post_tag,192,Why I wrote this book,why-i-wrote-this-book,,no,review,count=1
https://staging2.braveheartspublishing.com/product-category/hardcover-books/,https://www.braveheartspublishing.com/product-category/hardcover-books/,product_cat,26,Hardcover Books,hardcover-books,,no,review,count=2
https://staging2.braveheartspublishing.com/product-category/mount-everest/,https://www.braveheartspublishing.com/product-category/mount-everest/,product_cat,27,Mount Everest,mount-everest,,no,review,count=1
https://staging2.braveheartspublishing.com/product-category/paperback-books/,https://www.braveheartspublishing.com/product-category/paperback-books/,product_cat,16,Paperback Books,paperback-books,,no,review,count=3
https://staging2.braveheartspublishing.com/product-category/the-amazon/,https://www.braveheartspublishing.com/product-category/the-amazon/,product_cat,30,The Amazon,the-amazon,,no,review,count=2
https://staging2.braveheartspublishing.com/product-category/the-mariana-trench/,https://www.braveheartspublishing.com/product-category/the-mariana-trench/,product_cat,17,The Mariana Trench,the-mariana-trench,,no,review,count=2
https://staging2.braveheartspublishing.com/product-category/uncategorized/,https://www.braveheartspublishing.com/product-category/uncategorized/,product_cat,15,Uncategorized,uncategorized,,no,review,count=1
https://staging2.braveheartspublishing.com/product-tag/adventure-books/,https://www.braveheartspublishing.com/product-tag/adventure-books/,product_tag,21,adventure books,adventure-books,,no,review,count=5
https://staging2.braveheartspublishing.com/product-tag/ages-6-9/,https://www.braveheartspublishing.com/product-tag/ages-6-9/,product_tag,22,ages 6-9,ages-6-9,,no,review,count=5
https://staging2.braveheartspublishing.com/product-tag/amazon-rainforest/,https://www.braveheartspublishing.com/product-tag/amazon-rainforest/,product_tag,31,amazon rainforest,amazon-rainforest,,no,review,count=2
https://staging2.braveheartspublishing.com/product-tag/chapter-books/,https://www.braveheartspublishing.com/product-tag/chapter-books/,product_tag,23,chapter books,chapter-books,,no,review,count=5
https://staging2.braveheartspublishing.com/product-tag/deep-sea/,https://www.braveheartspublishing.com/product-tag/deep-sea/,product_tag,20,deep sea,deep-sea,,no,review,count=2
https://staging2.braveheartspublishing.com/product-tag/everest-facts-for-kids/,https://www.braveheartspublishing.com/product-tag/everest-facts-for-kids/,product_tag,29,everest facts for kids,everest-facts-for-kids,,no,review,count=1
https://staging2.braveheartspublishing.com/product-tag/mariana-trench/,https://www.braveheartspublishing.com/product-tag/mariana-trench/,product_tag,18,mariana trench,mariana-trench,,no,review,count=2
https://staging2.braveheartspublishing.com/product-tag/mount-everest/,https://www.braveheartspublishing.com/product-tag/mount-everest/,product_tag,28,mount everest,mount-everest,,no,review,count=1
https://staging2.braveheartspublishing.com/product-tag/ocean-facts-for-kids/,https://www.braveheartspublishing.com/product-tag/ocean-facts-for-kids/,product_tag,19,ocean facts for kids,ocean-facts-for-kids,,no,review,count=2
https://staging2.braveheartspublishing.com/product-tag/rainforest-facts-for-kids/,https://www.braveheartspublishing.com/product-tag/rainforest-facts-for-kids/,product_tag,32,rainforest facts for kids,rainforest-facts-for-kids,,no,review,count=2
https://staging2.braveheartspublishing.com/product-tag/read-aloud/,https://www.braveheartspublishing.com/product-tag/read-aloud/,product_tag,25,read aloud,read-aloud,,no,review,count=5
https://staging2.braveheartspublishing.com/product-tag/science-books-for-kids/,https://www.braveheartspublishing.com/product-tag/science-books-for-kids/,product_tag,24,science books for kids,science-books-for-kids,,no,review,count=5
https://staging2.braveheartspublishing.com/?s=test,https://www.braveheartspublishing.com/?s=test,utility,,Search results,?s=test,public HTML audit,no,no,Explicit scope URL
https://staging2.braveheartspublishing.com/__migration-audit-404__/,https://www.braveheartspublishing.com/__migration-audit-404__/,utility,,404,__migration-audit-404__,public HTML audit,no,no,Explicit scope URL
