Old URL,Original Type,Corrected Type,Title,Status,Canonical,Matching New URL,Match Confidence,Action,Review Required,Notes
https://www.braveheartspublishing.com/blog,page,Standard page,"Bridge Books, Reading Tips & Kids Adventure Books | Brave Hearts Publishing Blog — Brave Hearts Publishing",published,https://www.braveheartspublishing.com/blog,https://www.braveheartspublishing.com/blog/,high,Preserve URL,no,title similarity=0.08; public sitemap/HTML review
https://www.braveheartspublishing.com/blog/science-books-for-kids-that-feel-like-adventures,post,Blog post,Best Science Books for Kids That Feel Like Real Adventures — Brave Hearts Publishing,published,https://www.braveheartspublishing.com/blog/science-books-for-kids-that-feel-like-adventures,https://www.braveheartspublishing.com/science-books-for-kids-that-feel-like-adventures/,high,301 after final host and Rank Math conflict check,no,title similarity=0.59; public sitemap/HTML review
https://www.braveheartspublishing.com/blog/dog-man-to-magic-tree-house-reading-roadmap,post,Blog post,From Dog Man to Magic Tree House: The Reading Roadmap — Brave Hearts Publishing,published,https://www.braveheartspublishing.com/blog/dog-man-to-magic-tree-house-reading-roadmap,https://www.braveheartspublishing.com/dog-man-to-magic-tree-house-reading-roadmap/,high,301 after final host and Rank Math conflict check,no,title similarity=0.81; public sitemap/HTML review
https://www.braveheartspublishing.com/blog/kirkus-review-adventures-of-charlotte-and-henry,post,Blog post,Adventures of Charlotte & Henry Gets a Kirkus GET IT Review — Brave Hearts Publishing,published,https://www.braveheartspublishing.com/blog/kirkus-review-adventures-of-charlotte-and-henry,https://www.braveheartspublishing.com/kirkus-review-adventures-of-charlotte-and-henry/,high,301 after final host and Rank Math conflict check,no,title similarity=0.71; public sitemap/HTML review
https://www.braveheartspublishing.com/blog/what-to-read-after-dog-man,post,Blog post,What to Read After Dog Man: Bridge Books for Kids — Brave Hearts Publishing,published,https://www.braveheartspublishing.com/blog/what-to-read-after-dog-man,https://www.braveheartspublishing.com/what-to-read-after-dog-man/,high,301 after final host and Rank Math conflict check,no,title similarity=0.79; public sitemap/HTML review
https://www.braveheartspublishing.com/blog/best-books-for-7-year-olds,post,Blog post,Best Books for 7 Year Olds That Turn Kids Into Readers — Brave Hearts Publishing,published,https://www.braveheartspublishing.com/blog/best-books-for-7-year-olds,https://www.braveheartspublishing.com/best-books-for-7-year-olds/,high,301 after final host and Rank Math conflict check,no,title similarity=0.74; public sitemap/HTML review
https://www.braveheartspublishing.com/blog/best-summer-reading-books-for-kids-ages-6-9,post,Blog post,Best Summer Reading Books for Kids Ages 6–9 — Brave Hearts Publishing,published,https://www.braveheartspublishing.com/blog/best-summer-reading-books-for-kids-ages-6-9,https://www.braveheartspublishing.com/best-summer-reading-books-for-kids-ages-6-9/,high,301 after final host and Rank Math conflict check,no,title similarity=0.76; public sitemap/HTML review
https://www.braveheartspublishing.com/blog/books-like-magic-tree-house,post,Blog post,8 Books Like Magic Tree House Your Kids Will Love Just as Much Page — Brave Hearts Publishing,published,https://www.braveheartspublishing.com/blog/books-like-magic-tree-house,https://www.braveheartspublishing.com/books-like-magic-tree-house/,high,301 after final host and Rank Math conflict check,no,title similarity=0.81; public sitemap/HTML review
https://www.braveheartspublishing.com/blog/gap-between-picture-books-and-chapter-books,post,Blog post,The Gap Between Picture Books and Chapter Books Is Real — Here's What Goes There — Brave Hearts Publishing,published,https://www.braveheartspublishing.com/blog/gap-between-picture-books-and-chapter-books,https://www.braveheartspublishing.com/gap-between-picture-books-and-chapter-books/,high,301 after final host and Rank Math conflict check,no,title similarity=0.87; public sitemap/HTML review
https://www.braveheartspublishing.com/blog/why-i-wrote-this-book,post,Blog post,Charlotte Is Real. Henry Is Real. And This Is Why I Wrote Them a Book. — Brave Hearts Publishing,published,https://www.braveheartspublishing.com/blog/why-i-wrote-this-book,https://www.braveheartspublishing.com/why-i-wrote-this-book/,high,301 after final host and Rank Math conflict check,no,title similarity=0.85; public sitemap/HTML review
https://www.braveheartspublishing.com/blog/finding-right-books-with-lexile-score,post,Blog post,I Spent Two Years Picking the Wrong Books. One Number Changed That. — Brave Hearts Publishing,published,https://www.braveheartspublishing.com/blog/finding-right-books-with-lexile-score,https://www.braveheartspublishing.com/finding-right-books-with-lexile-score/,high,301 after final host and Rank Math conflict check,no,title similarity=0.65; public sitemap/HTML review
https://www.braveheartspublishing.com/blog/mount-everest-facts-for-kids,post,Blog post,10 Mount Everest Facts for Kids That Will Make Their Jaw Drop | Ages 6–9 — Brave Hearts Publishing,published,https://www.braveheartspublishing.com/blog/mount-everest-facts-for-kids,https://www.braveheartspublishing.com/mount-everest-facts-for-kids/,high,301 after final host and Rank Math conflict check,no,title similarity=0.79; public sitemap/HTML review
https://www.braveheartspublishing.com/blog/bridge-books-for-struggling-readers,post,Blog post,Bridge Books for Struggling Readers: A Complete Parent Guide | Brave Hearts Publishing — Brave Hearts Publishing,published,https://www.braveheartspublishing.com/blog/bridge-books-for-struggling-readers,https://www.braveheartspublishing.com/bridge-books-for-struggling-readers/,high,301 after final host and Rank Math conflict check,no,title similarity=0.56; public sitemap/HTML review
https://www.braveheartspublishing.com/blog/my-child-hates-reading-what-to-do,post,Blog post,My Child Hates Reading: What Actually Works | Brave Hearts Publishing — Brave Hearts Publishing,published,https://www.braveheartspublishing.com/blog/my-child-hates-reading-what-to-do,https://www.braveheartspublishing.com/my-child-hates-reading-what-to-do/,high,301 after final host and Rank Math conflict check,no,title similarity=0.64; public sitemap/HTML review
https://www.braveheartspublishing.com/blog/how-to-pick-a-read-aloud-book,post,Blog post,How to Pick a Read-Aloud Book That Keeps a Whole Class Listening — Brave Hearts Publishing,published,https://www.braveheartspublishing.com/blog/how-to-pick-a-read-aloud-book,https://www.braveheartspublishing.com/how-to-pick-a-read-aloud-book/,high,301 after final host and Rank Math conflict check,no,title similarity=0.84; public sitemap/HTML review
https://www.braveheartspublishing.com/blog/reading-level-by-grade-chart,post,Blog post,Reading Level Chart by Grade: What Level Should My Child Be At? — Brave Hearts Publishing,published,https://www.braveheartspublishing.com/blog/reading-level-by-grade-chart,https://www.braveheartspublishing.com/reading-level-by-grade-chart/,high,301 after final host and Rank Math conflict check,no,title similarity=0.84; public sitemap/HTML review
https://www.braveheartspublishing.com/blog/what-is-the-mariana-trench-for-kids,post,Blog post,What Is the Mariana Trench? Everything Kids (and Parents) Need to Know — Brave Hearts Publishing,published,https://www.braveheartspublishing.com/blog/what-is-the-mariana-trench-for-kids,https://www.braveheartspublishing.com/what-is-the-mariana-trench-for-kids/,high,301 after final host and Rank Math conflict check,no,title similarity=0.85; public sitemap/HTML review
https://www.braveheartspublishing.com/blog/best-read-aloud-books-for-classroom-grades-1-3,post,Blog post,Best Read Aloud Books for Elementary Classrooms — Grades 1–3 — Brave Hearts Publishing,published,https://www.braveheartspublishing.com/blog/best-read-aloud-books-for-classroom-grades-1-3,https://www.braveheartspublishing.com/best-read-aloud-books-for-classroom-grades-1-3/,high,301 after final host and Rank Math conflict check,no,title similarity=0.81; public sitemap/HTML review
https://www.braveheartspublishing.com/blog/my-child-got-a-lexile-score-now-what,post,Blog post,My Child Got a Lexile Score — Now What? A Parent's Action Guide — Brave Hearts Publishing,published,https://www.braveheartspublishing.com/blog/my-child-got-a-lexile-score-now-what,https://www.braveheartspublishing.com/my-child-got-a-lexile-score-now-what/,high,301 after final host and Rank Math conflict check,no,title similarity=0.66; public sitemap/HTML review
https://www.braveheartspublishing.com/blog/teacher-appreciation-week-thank-you,post,Blog post,Thank You Teachers — Happy Teacher Appreciation Week | Brave Hearts — Brave Hearts Publishing,published,https://www.braveheartspublishing.com/blog/teacher-appreciation-week-thank-you,https://www.braveheartspublishing.com/teacher-appreciation-week-thank-you/,high,301 after final host and Rank Math conflict check,no,title similarity=0.59; public sitemap/HTML review
https://www.braveheartspublishing.com/blog/what-is-a-lexile-score,post,Blog post,What Is a Lexile Score? A Parent's Guide to Reading Levels | Brave Hearts Publishing — Brave Hearts Publishing,published,https://www.braveheartspublishing.com/blog/what-is-a-lexile-score,https://www.braveheartspublishing.com/what-is-a-lexile-score/,high,301 after final host and Rank Math conflict check,no,title similarity=0.70; public sitemap/HTML review
https://www.braveheartspublishing.com/blog/top-bridge-books-for-kids,post,Blog post,Best Bridge Books for Kids (Ages 6-9) — Top Picks for Growing Readers — Brave Hearts Publishing,published,https://www.braveheartspublishing.com/blog/top-bridge-books-for-kids,https://www.braveheartspublishing.com/top-bridge-books-for-kids/,high,301 after final host and Rank Math conflict check,no,title similarity=0.73; public sitemap/HTML review
https://www.braveheartspublishing.com/blog/bridge-books-for-kids,post,Blog post,The Complete Guide to Bridge Books for Kids — What They Are & Why They Work — Brave Hearts Publishing,published,https://www.braveheartspublishing.com/blog/bridge-books-for-kids,https://www.braveheartspublishing.com/bridge-books-for-kids/,high,301 after final host and Rank Math conflict check,no,title similarity=0.65; public sitemap/HTML review
https://www.braveheartspublishing.com/blog/best-ocean-books-for-kids-ages-6-9,post,Blog post,Best Books About the Ocean for Kids Ages 6-9 | Brave Hearts Publishing — Brave Hearts Publishing,published,https://www.braveheartspublishing.com/blog/best-ocean-books-for-kids-ages-6-9,https://www.braveheartspublishing.com/best-ocean-books-for-kids-ages-6-9/,high,301 after final host and Rank Math conflict check,no,title similarity=0.65; public sitemap/HTML review
https://www.braveheartspublishing.com/blog/mariana-trench-facts-for-kids,post,Blog post,Mariana Trench Facts for Kids — The Deepest Place on Earth | Brave Hearts Publishing — Brave Hearts Publishing,published,https://www.braveheartspublishing.com/blog/mariana-trench-facts-for-kids,https://www.braveheartspublishing.com/mariana-trench-facts-for-kids/,high,301 after final host and Rank Math conflict check,no,title similarity=0.70; public sitemap/HTML review
https://www.braveheartspublishing.com/blog/what-are-bridge-books-guide-for-parents-and-teachers,post,Blog post,My Kid Hates Long Books. Bridge Books Fixed That. | Brave Hearts Publishing — Brave Hearts Publishing,published,https://www.braveheartspublishing.com/blog/what-are-bridge-books-guide-for-parents-and-teachers,https://www.braveheartspublishing.com/what-are-bridge-books-guide-for-parents-and-teachers/,high,301 after final host and Rank Math conflict check,no,title similarity=0.66; public sitemap/HTML review
https://www.braveheartspublishing.com/blog/bridge-books-for-early-readers,post,Blog post,How to Help Your Child Transition from Picture Books to Chapter Books (Bridge Books Guide) — Brave Hearts Publishing,published,https://www.braveheartspublishing.com/blog/bridge-books-for-early-readers,https://www.braveheartspublishing.com/bridge-books-for-early-readers/,high,301 after final host and Rank Math conflict check,no,title similarity=0.76; public sitemap/HTML review
https://www.braveheartspublishing.com/blog/bridge-books-for-kids-mount-everest,post,Blog post,Best Bridge Books for Kids + New Mount Everest Adventure — Brave Hearts Publishing,published,https://www.braveheartspublishing.com/blog/bridge-books-for-kids-mount-everest,https://www.braveheartspublishing.com/bridge-books-for-kids-mount-everest/,high,301 after final host and Rank Math conflict check,no,title similarity=0.33; public sitemap/HTML review
https://www.braveheartspublishing.com/blog/best-early-chapter-books-for-6-year-olds,post,Blog post,Best Early Chapter Books for 6 Year Olds (Easy & Engaging Picks for New Readers) — Brave Hearts Publishing,published,https://www.braveheartspublishing.com/blog/best-early-chapter-books-for-6-year-olds,https://www.braveheartspublishing.com/best-early-chapter-books-for-6-year-olds/,high,301 after final host and Rank Math conflict check,no,title similarity=0.57; public sitemap/HTML review
https://www.braveheartspublishing.com/blog/free-teachers-guide-mariana-trench,post,Blog post,Free Teacher's Guide for Adventures of Charlotte and Henry: The Mariana Trench — Brave Hearts Publishing,published,https://www.braveheartspublishing.com/blog/free-teachers-guide-mariana-trench,https://www.braveheartspublishing.com/free-teachers-guide-mariana-trench/,high,301 after final host and Rank Math conflict check,no,title similarity=0.44; public sitemap/HTML review
https://www.braveheartspublishing.com/blog/first-real-chapter-book-for-kids,post,Blog post,Best First Chapter Books for Kids Ready to Move Beyond Early Readers — Brave Hearts Publishing,published,https://www.braveheartspublishing.com/blog/first-real-chapter-book-for-kids,https://www.braveheartspublishing.com/first-real-chapter-book-for-kids/,high,301 after final host and Rank Math conflict check,no,title similarity=0.57; public sitemap/HTML review
https://www.braveheartspublishing.com/blog/best-bridge-books-for-kids,post,Blog post,Best Bridge Books for Kids (The Perfect First Chapter Books for Emerging Readers) — Brave Hearts Publishing,published,https://www.braveheartspublishing.com/blog/best-bridge-books-for-kids,https://www.braveheartspublishing.com/best-bridge-books-for-kids/,high,301 after final host and Rank Math conflict check,no,title similarity=0.48; public sitemap/HTML review
https://images.squarespace-cdn.com/content/v1/69a4852e7db0bc7e34bc3354/3e53f823-cbcb-4d24-a614-330be2720b3a/Call+out+-+600+px_upscayl_3x_upscayl-standard-4x.png,page,Standard page,,published,,,none,Determine page intent and traffic/backlinks,yes,title similarity=0.00; public sitemap/HTML review
https://www.braveheartspublishing.com/blog/how-deep-is-the-mariana-trench-for-kids,post,Blog post,How Deep Is the Mariana Trench? Mariana Trench Facts for Kids — Brave Hearts Publishing,published,https://www.braveheartspublishing.com/blog/how-deep-is-the-mariana-trench-for-kids,https://www.braveheartspublishing.com/how-deep-is-the-mariana-trench-for-kids/,high,301 after final host and Rank Math conflict check,no,title similarity=0.66; public sitemap/HTML review
https://www.braveheartspublishing.com/blog/adventure-books-for-kids-ages-6-9,post,Blog post,Why Adventure Books for Kids (Ages 6–9) Build Confidence and Curiosity — Brave Hearts Publishing,published,https://www.braveheartspublishing.com/blog/adventure-books-for-kids-ages-6-9,https://www.braveheartspublishing.com/adventure-books-for-kids-ages-6-9/,high,301 after final host and Rank Math conflict check,no,title similarity=0.85; public sitemap/HTML review
https://www.braveheartspublishing.com/blog/how-stories-build-resilience-in-children,post,Blog post,How Stories Help Children Build Resilience and Courage (Ages 6–9) — Brave Hearts Publishing,published,https://www.braveheartspublishing.com/blog/how-stories-build-resilience-in-children,https://www.braveheartspublishing.com/how-stories-build-resilience-in-children/,high,301 after final host and Rank Math conflict check,no,title similarity=0.84; public sitemap/HTML review
https://www.braveheartspublishing.com/blog/why-stem-storytelling-builds-braver-kids,post,Blog post,"Why STEM Storytelling Builds Braver, More Curious Kids (Ages 6–9) — Brave Hearts Publishing",published,https://www.braveheartspublishing.com/blog/why-stem-storytelling-builds-braver-kids,https://www.braveheartspublishing.com/why-stem-storytelling-builds-braver-kids/,high,301 after final host and Rank Math conflict check,no,title similarity=0.84; public sitemap/HTML review
https://www.braveheartspublishing.com/blog/category/Reluctant+Readers,post,Blog post,"Reluctant Readers — Bridge Books, Reading Tips & Kids Adventure Books | Brave Hearts Publishing Blog — Brave Hearts Publishing",published,https://www.braveheartspublishing.com/blog/category/Reluctant+Readers,,none,Restore/import before considering retirement,yes,title similarity=0.00; public sitemap/HTML review
https://www.braveheartspublishing.com/blog/category/science+for+kids,post,Blog post,"science for kids — Bridge Books, Reading Tips & Kids Adventure Books | Brave Hearts Publishing Blog — Brave Hearts Publishing",published,https://www.braveheartspublishing.com/blog/category/science+for+kids,,none,Restore/import before considering retirement,yes,title similarity=0.00; public sitemap/HTML review
https://www.braveheartspublishing.com/blog/category/Early+Readers,post,Blog post,"Early Readers — Bridge Books, Reading Tips & Kids Adventure Books | Brave Hearts Publishing Blog — Brave Hearts Publishing",published,https://www.braveheartspublishing.com/blog/category/Early+Readers,,none,Restore/import before considering retirement,yes,title similarity=0.00; public sitemap/HTML review
https://www.braveheartspublishing.com/blog/category/Reading+Tips+for+Parents,post,Blog post,"Reading Tips for Parents — Bridge Books, Reading Tips & Kids Adventure Books | Brave Hearts Publishing Blog — Brave Hearts Publishing",published,https://www.braveheartspublishing.com/blog/category/Reading+Tips+for+Parents,,none,Restore/import before considering retirement,yes,title similarity=0.00; public sitemap/HTML review
https://www.braveheartspublishing.com/blog/category/Adventure+Book+Recommendations,post,Blog post,"Adventure Book Recommendations — Bridge Books, Reading Tips & Kids Adventure Books | Brave Hearts Publishing Blog — Brave Hearts Publishing",published,https://www.braveheartspublishing.com/blog/category/Adventure+Book+Recommendations,,none,Restore/import before considering retirement,yes,title similarity=0.00; public sitemap/HTML review
https://www.braveheartspublishing.com/blog/category/Ocean+Science,post,Blog post,"Ocean Science — Bridge Books, Reading Tips & Kids Adventure Books | Brave Hearts Publishing Blog — Brave Hearts Publishing",published,https://www.braveheartspublishing.com/blog/category/Ocean+Science,,none,Restore/import before considering retirement,yes,title similarity=0.00; public sitemap/HTML review
https://www.braveheartspublishing.com/blog/category/Bridge+Books,post,Blog post,"Bridge Books — Bridge Books, Reading Tips & Kids Adventure Books | Brave Hearts Publishing Blog — Brave Hearts Publishing",published,https://www.braveheartspublishing.com/blog/category/Bridge+Books,,none,Restore/import before considering retirement,yes,title similarity=0.00; public sitemap/HTML review
https://www.braveheartspublishing.com/blog/category/Author+Life,post,Blog post,"Author Life — Bridge Books, Reading Tips & Kids Adventure Books | Brave Hearts Publishing Blog — Brave Hearts Publishing",published,https://www.braveheartspublishing.com/blog/category/Author+Life,,none,Restore/import before considering retirement,yes,title similarity=0.00; public sitemap/HTML review
https://www.braveheartspublishing.com/blog/category/The+Mariana+Trench,post,Blog post,"The Mariana Trench — Bridge Books, Reading Tips & Kids Adventure Books | Brave Hearts Publishing Blog — Brave Hearts Publishing",published,https://www.braveheartspublishing.com/blog/category/The+Mariana+Trench,,none,Restore/import before considering retirement,yes,title similarity=0.00; public sitemap/HTML review
https://www.braveheartspublishing.com/blog/category/Reading+Development,post,Blog post,"Reading Development — Bridge Books, Reading Tips & Kids Adventure Books | Brave Hearts Publishing Blog — Brave Hearts Publishing",published,https://www.braveheartspublishing.com/blog/category/Reading+Development,,none,Restore/import before considering retirement,yes,title similarity=0.00; public sitemap/HTML review
https://www.braveheartspublishing.com/blog/category/Reading+Lists,post,Blog post,"Reading Lists — Bridge Books, Reading Tips & Kids Adventure Books | Brave Hearts Publishing Blog — Brave Hearts Publishing",published,https://www.braveheartspublishing.com/blog/category/Reading+Lists,,none,Restore/import before considering retirement,yes,title similarity=0.00; public sitemap/HTML review
https://www.braveheartspublishing.com/blog/category/Read+alouds,post,Blog post,"Read alouds — Bridge Books, Reading Tips & Kids Adventure Books | Brave Hearts Publishing Blog — Brave Hearts Publishing",published,https://www.braveheartspublishing.com/blog/category/Read+alouds,,none,Restore/import before considering retirement,yes,title similarity=0.00; public sitemap/HTML review
https://www.braveheartspublishing.com/blog/category/Age-Specific+Reading+Lists,post,Blog post,"Age-Specific Reading Lists — Bridge Books, Reading Tips & Kids Adventure Books | Brave Hearts Publishing Blog — Brave Hearts Publishing",published,https://www.braveheartspublishing.com/blog/category/Age-Specific+Reading+Lists,,none,Restore/import before considering retirement,yes,title similarity=0.00; public sitemap/HTML review
https://www.braveheartspublishing.com/blog/category/Summer+Reading,post,Blog post,"Summer Reading — Bridge Books, Reading Tips & Kids Adventure Books | Brave Hearts Publishing Blog — Brave Hearts Publishing",published,https://www.braveheartspublishing.com/blog/category/Summer+Reading,,none,Restore/import before considering retirement,yes,title similarity=0.00; public sitemap/HTML review
https://www.braveheartspublishing.com/blog/category/Teacher+Resources,post,Blog post,"Teacher Resources — Bridge Books, Reading Tips & Kids Adventure Books | Brave Hearts Publishing Blog — Brave Hearts Publishing",published,https://www.braveheartspublishing.com/blog/category/Teacher+Resources,,none,Restore/import before considering retirement,yes,title similarity=0.00; public sitemap/HTML review
https://www.braveheartspublishing.com/blog/category/children%27s+books,post,Blog post,"children's books — Bridge Books, Reading Tips & Kids Adventure Books | Brave Hearts Publishing Blog — Brave Hearts Publishing",published,https://www.braveheartspublishing.com/blog/category/children%27s+books,,none,Restore/import before considering retirement,yes,title similarity=0.00; public sitemap/HTML review
https://www.braveheartspublishing.com/blog/category/Adventure,post,Blog post,"Adventure — Bridge Books, Reading Tips & Kids Adventure Books | Brave Hearts Publishing Blog — Brave Hearts Publishing",published,https://www.braveheartspublishing.com/blog/category/Adventure,,none,Restore/import before considering retirement,yes,title similarity=0.00; public sitemap/HTML review
https://www.braveheartspublishing.com/blog/category/Classroom+Resources,post,Blog post,"Classroom Resources — Bridge Books, Reading Tips & Kids Adventure Books | Brave Hearts Publishing Blog — Brave Hearts Publishing",published,https://www.braveheartspublishing.com/blog/category/Classroom+Resources,,none,Restore/import before considering retirement,yes,title similarity=0.00; public sitemap/HTML review
https://www.braveheartspublishing.com/blog/category/Reading+Tips,post,Blog post,"Reading Tips — Bridge Books, Reading Tips & Kids Adventure Books | Brave Hearts Publishing Blog — Brave Hearts Publishing",published,https://www.braveheartspublishing.com/blog/category/Reading+Tips,,none,Restore/import before considering retirement,yes,title similarity=0.00; public sitemap/HTML review
https://www.braveheartspublishing.com/blog/category/Book+recommendations,post,Blog post,"Book recommendations — Bridge Books, Reading Tips & Kids Adventure Books | Brave Hearts Publishing Blog — Brave Hearts Publishing",published,https://www.braveheartspublishing.com/blog/category/Book+recommendations,,none,Restore/import before considering retirement,yes,title similarity=0.00; public sitemap/HTML review
https://www.braveheartspublishing.com/blog/category/STEM,post,Blog post,"STEM — Bridge Books, Reading Tips & Kids Adventure Books | Brave Hearts Publishing Blog — Brave Hearts Publishing",published,https://www.braveheartspublishing.com/blog/category/STEM,,none,Restore/import before considering retirement,yes,title similarity=0.00; public sitemap/HTML review
https://www.braveheartspublishing.com/blog/category/Reading+Levels+%26+Lexile,post,Blog post,"Reading Levels & Lexile — Bridge Books, Reading Tips & Kids Adventure Books | Brave Hearts Publishing Blog — Brave Hearts Publishing",published,https://www.braveheartspublishing.com/blog/category/Reading+Levels+%26+Lexile,,none,Restore/import before considering retirement,yes,title similarity=0.00; public sitemap/HTML review
https://www.braveheartspublishing.com/blog/category/Reading+Help+for+Parents,post,Blog post,"Reading Help for Parents — Bridge Books, Reading Tips & Kids Adventure Books | Brave Hearts Publishing Blog — Brave Hearts Publishing",published,https://www.braveheartspublishing.com/blog/category/Reading+Help+for+Parents,,none,Restore/import before considering retirement,yes,title similarity=0.00; public sitemap/HTML review
https://www.braveheartspublishing.com/blog/category/Book+News,post,Blog post,"Book News — Bridge Books, Reading Tips & Kids Adventure Books | Brave Hearts Publishing Blog — Brave Hearts Publishing",published,https://www.braveheartspublishing.com/blog/category/Book+News,,none,Restore/import before considering retirement,yes,title similarity=0.00; public sitemap/HTML review
https://www.braveheartspublishing.com/blog/category/Books+for+Kids,post,Blog post,"Books for Kids — Bridge Books, Reading Tips & Kids Adventure Books | Brave Hearts Publishing Blog — Brave Hearts Publishing",published,https://www.braveheartspublishing.com/blog/category/Books+for+Kids,,none,Restore/import before considering retirement,yes,title similarity=0.00; public sitemap/HTML review
https://www.braveheartspublishing.com/blog/category/Ages+6-9,post,Blog post,"Ages 6-9 — Bridge Books, Reading Tips & Kids Adventure Books | Brave Hearts Publishing Blog — Brave Hearts Publishing",published,https://www.braveheartspublishing.com/blog/category/Ages+6-9,,none,Restore/import before considering retirement,yes,title similarity=0.00; public sitemap/HTML review
https://www.braveheartspublishing.com/blog/tag/Read+aloud+books,post,Blog post,"Read aloud books — Bridge Books, Reading Tips & Kids Adventure Books | Brave Hearts Publishing Blog — Brave Hearts Publishing",published,https://www.braveheartspublishing.com/blog/tag/Read+aloud+books,,none,Restore/import before considering retirement,yes,title similarity=0.00; public sitemap/HTML review
https://www.braveheartspublishing.com/blog/tag/early+readers+ages+6-9,post,Blog post,"early readers ages 6-9 — Bridge Books, Reading Tips & Kids Adventure Books | Brave Hearts Publishing Blog — Brave Hearts Publishing",published,https://www.braveheartspublishing.com/blog/tag/early+readers+ages+6-9,,none,Restore/import before considering retirement,yes,title similarity=0.00; public sitemap/HTML review
https://www.braveheartspublishing.com/blog/tag/Deep+sea,post,Blog post,"Deep sea — Bridge Books, Reading Tips & Kids Adventure Books | Brave Hearts Publishing Blog — Brave Hearts Publishing",published,https://www.braveheartspublishing.com/blog/tag/Deep+sea,,none,Restore/import before considering retirement,yes,title similarity=0.00; public sitemap/HTML review
https://www.braveheartspublishing.com/blog/tag/marine+science,post,Blog post,"marine science — Bridge Books, Reading Tips & Kids Adventure Books | Brave Hearts Publishing Blog — Brave Hearts Publishing",published,https://www.braveheartspublishing.com/blog/tag/marine+science,,none,Restore/import before considering retirement,yes,title similarity=0.00; public sitemap/HTML review
https://www.braveheartspublishing.com/blog/tag/Mariana+Trench,post,Blog post,"Mariana Trench — Bridge Books, Reading Tips & Kids Adventure Books | Brave Hearts Publishing Blog — Brave Hearts Publishing",published,https://www.braveheartspublishing.com/blog/tag/Mariana+Trench,,none,Restore/import before considering retirement,yes,title similarity=0.00; public sitemap/HTML review
https://www.braveheartspublishing.com/blog/tag/bridge+books,post,Blog post,"bridge books — Bridge Books, Reading Tips & Kids Adventure Books | Brave Hearts Publishing Blog — Brave Hearts Publishing",published,https://www.braveheartspublishing.com/blog/tag/bridge+books,,none,Restore/import before considering retirement,yes,title similarity=0.00; public sitemap/HTML review
https://www.braveheartspublishing.com/blog/tag/reading+level,post,Blog post,"reading level — Bridge Books, Reading Tips & Kids Adventure Books | Brave Hearts Publishing Blog — Brave Hearts Publishing",published,https://www.braveheartspublishing.com/blog/tag/reading+level,,none,Restore/import before considering retirement,yes,title similarity=0.00; public sitemap/HTML review
https://www.braveheartspublishing.com/blog/tag/reading+help+ages+6-9,post,Blog post,"reading help ages 6-9 — Bridge Books, Reading Tips & Kids Adventure Books | Brave Hearts Publishing Blog — Brave Hearts Publishing",published,https://www.braveheartspublishing.com/blog/tag/reading+help+ages+6-9,,none,Restore/import before considering retirement,yes,title similarity=0.00; public sitemap/HTML review
https://www.braveheartspublishing.com/blog/tag/books+for+first+graders,post,Blog post,"books for first graders — Bridge Books, Reading Tips & Kids Adventure Books | Brave Hearts Publishing Blog — Brave Hearts Publishing",published,https://www.braveheartspublishing.com/blog/tag/books+for+first+graders,,none,Restore/import before considering retirement,yes,title similarity=0.00; public sitemap/HTML review
https://www.braveheartspublishing.com/blog/tag/reading+help+for+parents,post,Blog post,"reading help for parents — Bridge Books, Reading Tips & Kids Adventure Books | Brave Hearts Publishing Blog — Brave Hearts Publishing",published,https://www.braveheartspublishing.com/blog/tag/reading+help+for+parents,,none,Restore/import before considering retirement,yes,title similarity=0.00; public sitemap/HTML review
https://www.braveheartspublishing.com/blog/tag/Bridge+Books,post,Blog post,"Bridge Books — Bridge Books, Reading Tips & Kids Adventure Books | Brave Hearts Publishing Blog — Brave Hearts Publishing",published,https://www.braveheartspublishing.com/blog/tag/Bridge+Books,,none,Restore/import before considering retirement,yes,title similarity=0.00; public sitemap/HTML review
https://www.braveheartspublishing.com/blog/tag/summer+books+for+kids,post,Blog post,"summer books for kids — Bridge Books, Reading Tips & Kids Adventure Books | Brave Hearts Publishing Blog — Brave Hearts Publishing",published,https://www.braveheartspublishing.com/blog/tag/summer+books+for+kids,,none,Restore/import before considering retirement,yes,title similarity=0.00; public sitemap/HTML review
https://www.braveheartspublishing.com/blog/tag/picture+books+to+chapter+books,post,Blog post,"picture books to chapter books — Bridge Books, Reading Tips & Kids Adventure Books | Brave Hearts Publishing Blog — Brave Hearts Publishing",published,https://www.braveheartspublishing.com/blog/tag/picture+books+to+chapter+books,,none,Restore/import before considering retirement,yes,title similarity=0.00; public sitemap/HTML review
https://www.braveheartspublishing.com/blog/tag/Summer+Reading+List,post,Blog post,"Summer Reading List — Bridge Books, Reading Tips & Kids Adventure Books | Brave Hearts Publishing Blog — Brave Hearts Publishing",published,https://www.braveheartspublishing.com/blog/tag/Summer+Reading+List,,none,Restore/import before considering retirement,yes,title similarity=0.00; public sitemap/HTML review
https://www.braveheartspublishing.com/blog/tag/Adventures+of+Charlotte+and+Henry,post,Blog post,"Adventures of Charlotte and Henry — Bridge Books, Reading Tips & Kids Adventure Books | Brave Hearts Publishing Blog — Brave Hearts Publishing",published,https://www.braveheartspublishing.com/blog/tag/Adventures+of+Charlotte+and+Henry,,none,Restore/import before considering retirement,yes,title similarity=0.00; public sitemap/HTML review
https://www.braveheartspublishing.com/blog/tag/Lexile+score,post,Blog post,"Lexile score — Bridge Books, Reading Tips & Kids Adventure Books | Brave Hearts Publishing Blog — Brave Hearts Publishing",published,https://www.braveheartspublishing.com/blog/tag/Lexile+score,,none,Restore/import before considering retirement,yes,title similarity=0.00; public sitemap/HTML review
https://www.braveheartspublishing.com/blog/tag/geography+for+kids,post,Blog post,"geography for kids — Bridge Books, Reading Tips & Kids Adventure Books | Brave Hearts Publishing Blog — Brave Hearts Publishing",published,https://www.braveheartspublishing.com/blog/tag/geography+for+kids,,none,Restore/import before considering retirement,yes,title similarity=0.00; public sitemap/HTML review
https://www.braveheartspublishing.com/blog/tag/Summer+Reading,post,Blog post,"Summer Reading — Bridge Books, Reading Tips & Kids Adventure Books | Brave Hearts Publishing Blog — Brave Hearts Publishing",published,https://www.braveheartspublishing.com/blog/tag/Summer+Reading,,none,Restore/import before considering retirement,yes,title similarity=0.00; public sitemap/HTML review
https://www.braveheartspublishing.com/blog/tag/sea+books+for+kids,post,Blog post,"sea books for kids — Bridge Books, Reading Tips & Kids Adventure Books | Brave Hearts Publishing Blog — Brave Hearts Publishing",published,https://www.braveheartspublishing.com/blog/tag/sea+books+for+kids,,none,Restore/import before considering retirement,yes,title similarity=0.00; public sitemap/HTML review
https://www.braveheartspublishing.com/blog/tag/elementary+teacher,post,Blog post,"elementary teacher — Bridge Books, Reading Tips & Kids Adventure Books | Brave Hearts Publishing Blog — Brave Hearts Publishing",published,https://www.braveheartspublishing.com/blog/tag/elementary+teacher,,none,Restore/import before considering retirement,yes,title similarity=0.00; public sitemap/HTML review
https://www.braveheartspublishing.com/blog/tag/ages+6-9,post,Blog post,"ages 6-9 — Bridge Books, Reading Tips & Kids Adventure Books | Brave Hearts Publishing Blog — Brave Hearts Publishing",published,https://www.braveheartspublishing.com/blog/tag/ages+6-9,,none,Restore/import before considering retirement,yes,title similarity=0.00; public sitemap/HTML review
https://www.braveheartspublishing.com/blog/tag/bridge+books+for+kids,post,Blog post,"bridge books for kids — Bridge Books, Reading Tips & Kids Adventure Books | Brave Hearts Publishing Blog — Brave Hearts Publishing",published,https://www.braveheartspublishing.com/blog/tag/bridge+books+for+kids,,none,Restore/import before considering retirement,yes,title similarity=0.00; public sitemap/HTML review
https://www.braveheartspublishing.com/blog/tag/reading+confidence,post,Blog post,"reading confidence — Bridge Books, Reading Tips & Kids Adventure Books | Brave Hearts Publishing Blog — Brave Hearts Publishing",published,https://www.braveheartspublishing.com/blog/tag/reading+confidence,,none,Restore/import before considering retirement,yes,title similarity=0.00; public sitemap/HTML review
https://www.braveheartspublishing.com/blog/tag/Reading+Tips,post,Blog post,"Reading Tips — Bridge Books, Reading Tips & Kids Adventure Books | Brave Hearts Publishing Blog — Brave Hearts Publishing",published,https://www.braveheartspublishing.com/blog/tag/Reading+Tips,,none,Restore/import before considering retirement,yes,title similarity=0.00; public sitemap/HTML review
https://www.braveheartspublishing.com/blog/tag/Andrew+Signore,post,Blog post,"Andrew Signore — Bridge Books, Reading Tips & Kids Adventure Books | Brave Hearts Publishing Blog — Brave Hearts Publishing",published,https://www.braveheartspublishing.com/blog/tag/Andrew+Signore,,none,Restore/import before considering retirement,yes,title similarity=0.00; public sitemap/HTML review
https://www.braveheartspublishing.com/blog/tag/Children%27s+Book+Author,post,Blog post,"Children's Book Author — Bridge Books, Reading Tips & Kids Adventure Books | Brave Hearts Publishing Blog — Brave Hearts Publishing",published,https://www.braveheartspublishing.com/blog/tag/Children%27s+Book+Author,,none,Restore/import before considering retirement,yes,title similarity=0.00; public sitemap/HTML review
https://www.braveheartspublishing.com/blog/tag/read+aloud+for+kids,post,Blog post,"read aloud for kids — Bridge Books, Reading Tips & Kids Adventure Books | Brave Hearts Publishing Blog — Brave Hearts Publishing",published,https://www.braveheartspublishing.com/blog/tag/read+aloud+for+kids,,none,Restore/import before considering retirement,yes,title similarity=0.00; public sitemap/HTML review
https://www.braveheartspublishing.com/blog/tag/reading+motivation,post,Blog post,"reading motivation — Bridge Books, Reading Tips & Kids Adventure Books | Brave Hearts Publishing Blog — Brave Hearts Publishing",published,https://www.braveheartspublishing.com/blog/tag/reading+motivation,,none,Restore/import before considering retirement,yes,title similarity=0.00; public sitemap/HTML review
https://www.braveheartspublishing.com/blog/tag/reading+development,post,Blog post,"reading development — Bridge Books, Reading Tips & Kids Adventure Books | Brave Hearts Publishing Blog — Brave Hearts Publishing",published,https://www.braveheartspublishing.com/blog/tag/reading+development,,none,Restore/import before considering retirement,yes,title similarity=0.00; public sitemap/HTML review
https://www.braveheartspublishing.com/blog/tag/facts+for+kids,post,Blog post,"facts for kids — Bridge Books, Reading Tips & Kids Adventure Books | Brave Hearts Publishing Blog — Brave Hearts Publishing",published,https://www.braveheartspublishing.com/blog/tag/facts+for+kids,,none,Restore/import before considering retirement,yes,title similarity=0.00; public sitemap/HTML review
https://www.braveheartspublishing.com/blog/tag/read+aloud,post,Blog post,"read aloud — Bridge Books, Reading Tips & Kids Adventure Books | Brave Hearts Publishing Blog — Brave Hearts Publishing",published,https://www.braveheartspublishing.com/blog/tag/read+aloud,,none,Restore/import before considering retirement,yes,title similarity=0.00; public sitemap/HTML review
https://www.braveheartspublishing.com/blog/tag/kids+who+love+graphic+novels,post,Blog post,"kids who love graphic novels — Bridge Books, Reading Tips & Kids Adventure Books | Brave Hearts Publishing Blog — Brave Hearts Publishing",published,https://www.braveheartspublishing.com/blog/tag/kids+who+love+graphic+novels,,none,Restore/import before considering retirement,yes,title similarity=0.00; public sitemap/HTML review
https://www.braveheartspublishing.com/blog/tag/struggling+readers,post,Blog post,"struggling readers — Bridge Books, Reading Tips & Kids Adventure Books | Brave Hearts Publishing Blog — Brave Hearts Publishing",published,https://www.braveheartspublishing.com/blog/tag/struggling+readers,,none,Restore/import before considering retirement,yes,title similarity=0.00; public sitemap/HTML review
https://www.braveheartspublishing.com/blog/tag/best+read+aloud+books,post,Blog post,"best read aloud books — Bridge Books, Reading Tips & Kids Adventure Books | Brave Hearts Publishing Blog — Brave Hearts Publishing",published,https://www.braveheartspublishing.com/blog/tag/best+read+aloud+books,,none,Restore/import before considering retirement,yes,title similarity=0.00; public sitemap/HTML review
https://www.braveheartspublishing.com/blog/tag/best+kids+books,post,Blog post,"best kids books — Bridge Books, Reading Tips & Kids Adventure Books | Brave Hearts Publishing Blog — Brave Hearts Publishing",published,https://www.braveheartspublishing.com/blog/tag/best+kids+books,,none,Restore/import before considering retirement,yes,title similarity=0.00; public sitemap/HTML review
https://www.braveheartspublishing.com/blog/tag/summer+slide,post,Blog post,"summer slide — Bridge Books, Reading Tips & Kids Adventure Books | Brave Hearts Publishing Blog — Brave Hearts Publishing",published,https://www.braveheartspublishing.com/blog/tag/summer+slide,,none,Restore/import before considering retirement,yes,title similarity=0.00; public sitemap/HTML review
https://www.braveheartspublishing.com/blog/tag/7+year+old+books,post,Blog post,"7 year old books — Bridge Books, Reading Tips & Kids Adventure Books | Brave Hearts Publishing Blog — Brave Hearts Publishing",published,https://www.braveheartspublishing.com/blog/tag/7+year+old+books,,none,Restore/import before considering retirement,yes,title similarity=0.00; public sitemap/HTML review
https://www.braveheartspublishing.com/blog/tag/Kids+reading+level,post,Blog post,"Kids reading level — Bridge Books, Reading Tips & Kids Adventure Books | Brave Hearts Publishing Blog — Brave Hearts Publishing",published,https://www.braveheartspublishing.com/blog/tag/Kids+reading+level,,none,Restore/import before considering retirement,yes,title similarity=0.00; public sitemap/HTML review
https://www.braveheartspublishing.com/blog/tag/next+step+after+graphic+novels,post,Blog post,"next step after graphic novels — Bridge Books, Reading Tips & Kids Adventure Books | Brave Hearts Publishing Blog — Brave Hearts Publishing",published,https://www.braveheartspublishing.com/blog/tag/next+step+after+graphic+novels,,none,Restore/import before considering retirement,yes,title similarity=0.00; public sitemap/HTML review
https://www.braveheartspublishing.com/blog/tag/Ages+6-9,post,Blog post,"Ages 6-9 — Bridge Books, Reading Tips & Kids Adventure Books | Brave Hearts Publishing Blog — Brave Hearts Publishing",published,https://www.braveheartspublishing.com/blog/tag/Ages+6-9,,none,Restore/import before considering retirement,yes,title similarity=0.00; public sitemap/HTML review
https://www.braveheartspublishing.com/blog/tag/funny+books+for+kids,post,Blog post,"funny books for kids — Bridge Books, Reading Tips & Kids Adventure Books | Brave Hearts Publishing Blog — Brave Hearts Publishing",published,https://www.braveheartspublishing.com/blog/tag/funny+books+for+kids,,none,Restore/import before considering retirement,yes,title similarity=0.00; public sitemap/HTML review
https://www.braveheartspublishing.com/blog/tag/reading+progression+kids,post,Blog post,"reading progression kids — Bridge Books, Reading Tips & Kids Adventure Books | Brave Hearts Publishing Blog — Brave Hearts Publishing",published,https://www.braveheartspublishing.com/blog/tag/reading+progression+kids,,none,Restore/import before considering retirement,yes,title similarity=0.00; public sitemap/HTML review
https://www.braveheartspublishing.com/blog/tag/science+books+for+kids,post,Blog post,"science books for kids — Bridge Books, Reading Tips & Kids Adventure Books | Brave Hearts Publishing Blog — Brave Hearts Publishing",published,https://www.braveheartspublishing.com/blog/tag/science+books+for+kids,,none,Restore/import before considering retirement,yes,title similarity=0.00; public sitemap/HTML review
https://www.braveheartspublishing.com/blog/tag/classroom+resources,post,Blog post,"classroom resources — Bridge Books, Reading Tips & Kids Adventure Books | Brave Hearts Publishing Blog — Brave Hearts Publishing",published,https://www.braveheartspublishing.com/blog/tag/classroom+resources,,none,Restore/import before considering retirement,yes,title similarity=0.00; public sitemap/HTML review
https://www.braveheartspublishing.com/blog/tag/kids+science,post,Blog post,"kids science — Bridge Books, Reading Tips & Kids Adventure Books | Brave Hearts Publishing Blog — Brave Hearts Publishing",published,https://www.braveheartspublishing.com/blog/tag/kids+science,,none,Restore/import before considering retirement,yes,title similarity=0.00; public sitemap/HTML review
https://www.braveheartspublishing.com/blog/tag/reluctant+readers,post,Blog post,"reluctant readers — Bridge Books, Reading Tips & Kids Adventure Books | Brave Hearts Publishing Blog — Brave Hearts Publishing",published,https://www.braveheartspublishing.com/blog/tag/reluctant+readers,,none,Restore/import before considering retirement,yes,title similarity=0.00; public sitemap/HTML review
https://www.braveheartspublishing.com/blog/tag/books+for+7+year+olds,post,Blog post,"books for 7 year olds — Bridge Books, Reading Tips & Kids Adventure Books | Brave Hearts Publishing Blog — Brave Hearts Publishing",published,https://www.braveheartspublishing.com/blog/tag/books+for+7+year+olds,,none,Restore/import before considering retirement,yes,title similarity=0.00; public sitemap/HTML review
https://www.braveheartspublishing.com/blog/tag/graphic+novels+for+kids,post,Blog post,"graphic novels for kids — Bridge Books, Reading Tips & Kids Adventure Books | Brave Hearts Publishing Blog — Brave Hearts Publishing",published,https://www.braveheartspublishing.com/blog/tag/graphic+novels+for+kids,,none,Restore/import before considering retirement,yes,title similarity=0.00; public sitemap/HTML review
https://www.braveheartspublishing.com/blog/tag/kids+books+age+7,post,Blog post,"kids books age 7 — Bridge Books, Reading Tips & Kids Adventure Books | Brave Hearts Publishing Blog — Brave Hearts Publishing",published,https://www.braveheartspublishing.com/blog/tag/kids+books+age+7,,none,Restore/import before considering retirement,yes,title similarity=0.00; public sitemap/HTML review
https://www.braveheartspublishing.com/blog/tag/Brave+Hearts+Publishing,post,Blog post,"Brave Hearts Publishing — Bridge Books, Reading Tips & Kids Adventure Books | Brave Hearts Publishing Blog — Brave Hearts Publishing",published,https://www.braveheartspublishing.com/blog/tag/Brave+Hearts+Publishing,,none,Restore/import before considering retirement,yes,title similarity=0.00; public sitemap/HTML review
https://www.braveheartspublishing.com/blog/tag/Kirkus+Review,post,Blog post,"Kirkus Review — Bridge Books, Reading Tips & Kids Adventure Books | Brave Hearts Publishing Blog — Brave Hearts Publishing",published,https://www.braveheartspublishing.com/blog/tag/Kirkus+Review,,none,Restore/import before considering retirement,yes,title similarity=0.00; public sitemap/HTML review
https://www.braveheartspublishing.com/blog/tag/early+chapter+books,post,Blog post,"early chapter books — Bridge Books, Reading Tips & Kids Adventure Books | Brave Hearts Publishing Blog — Brave Hearts Publishing",published,https://www.braveheartspublishing.com/blog/tag/early+chapter+books,,none,Restore/import before considering retirement,yes,title similarity=0.00; public sitemap/HTML review
https://www.braveheartspublishing.com/blog/tag/reading+levels+chart,post,Blog post,"reading levels chart — Bridge Books, Reading Tips & Kids Adventure Books | Brave Hearts Publishing Blog — Brave Hearts Publishing",published,https://www.braveheartspublishing.com/blog/tag/reading+levels+chart,,none,Restore/import before considering retirement,yes,title similarity=0.00; public sitemap/HTML review
https://www.braveheartspublishing.com/blog/tag/kids+reading+help,post,Blog post,"kids reading help — Bridge Books, Reading Tips & Kids Adventure Books | Brave Hearts Publishing Blog — Brave Hearts Publishing",published,https://www.braveheartspublishing.com/blog/tag/kids+reading+help,,none,Restore/import before considering retirement,yes,title similarity=0.00; public sitemap/HTML review
https://www.braveheartspublishing.com/blog/tag/lexile+explained,post,Blog post,"lexile explained — Bridge Books, Reading Tips & Kids Adventure Books | Brave Hearts Publishing Blog — Brave Hearts Publishing",published,https://www.braveheartspublishing.com/blog/tag/lexile+explained,,none,Restore/import before considering retirement,yes,title similarity=0.00; public sitemap/HTML review
https://www.braveheartspublishing.com/blog/tag/Why+I+wrote+this+book,post,Blog post,"Why I wrote this book — Bridge Books, Reading Tips & Kids Adventure Books | Brave Hearts Publishing Blog — Brave Hearts Publishing",published,https://www.braveheartspublishing.com/blog/tag/Why+I+wrote+this+book,,none,Restore/import before considering retirement,yes,title similarity=0.00; public sitemap/HTML review
https://www.braveheartspublishing.com/blog/tag/best+books+for+7+year+olds,post,Blog post,"best books for 7 year olds — Bridge Books, Reading Tips & Kids Adventure Books | Brave Hearts Publishing Blog — Brave Hearts Publishing",published,https://www.braveheartspublishing.com/blog/tag/best+books+for+7+year+olds,,none,Restore/import before considering retirement,yes,title similarity=0.00; public sitemap/HTML review
https://www.braveheartspublishing.com/blog/tag/how+to+use+lexile+score,post,Blog post,"how to use lexile score — Bridge Books, Reading Tips & Kids Adventure Books | Brave Hearts Publishing Blog — Brave Hearts Publishing",published,https://www.braveheartspublishing.com/blog/tag/how+to+use+lexile+score,,none,Restore/import before considering retirement,yes,title similarity=0.00; public sitemap/HTML review
https://www.braveheartspublishing.com/blog/tag/find+books+by+lexile+level,post,Blog post,"find books by lexile level — Bridge Books, Reading Tips & Kids Adventure Books | Brave Hearts Publishing Blog — Brave Hearts Publishing",published,https://www.braveheartspublishing.com/blog/tag/find+books+by+lexile+level,,none,Restore/import before considering retirement,yes,title similarity=0.00; public sitemap/HTML review
https://www.braveheartspublishing.com/blog/tag/books+for+second+graders,post,Blog post,"books for second graders — Bridge Books, Reading Tips & Kids Adventure Books | Brave Hearts Publishing Blog — Brave Hearts Publishing",published,https://www.braveheartspublishing.com/blog/tag/books+for+second+graders,,none,Restore/import before considering retirement,yes,title similarity=0.00; public sitemap/HTML review
https://www.braveheartspublishing.com/blog/tag/lexile+score+by+grade+level,post,Blog post,"lexile score by grade level — Bridge Books, Reading Tips & Kids Adventure Books | Brave Hearts Publishing Blog — Brave Hearts Publishing",published,https://www.braveheartspublishing.com/blog/tag/lexile+score+by+grade+level,,none,Restore/import before considering retirement,yes,title similarity=0.00; public sitemap/HTML review
https://www.braveheartspublishing.com/blog/tag/reading+roadmap,post,Blog post,"reading roadmap — Bridge Books, Reading Tips & Kids Adventure Books | Brave Hearts Publishing Blog — Brave Hearts Publishing",published,https://www.braveheartspublishing.com/blog/tag/reading+roadmap,,none,Restore/import before considering retirement,yes,title similarity=0.00; public sitemap/HTML review
https://www.braveheartspublishing.com/blog/tag/bridge+books+from+graphic+novels,post,Blog post,"bridge books from graphic novels — Bridge Books, Reading Tips & Kids Adventure Books | Brave Hearts Publishing Blog — Brave Hearts Publishing",published,https://www.braveheartspublishing.com/blog/tag/bridge+books+from+graphic+novels,,none,Restore/import before considering retirement,yes,title similarity=0.00; public sitemap/HTML review
https://www.braveheartspublishing.com/blog/tag/kids+books,post,Blog post,"kids books — Bridge Books, Reading Tips & Kids Adventure Books | Brave Hearts Publishing Blog — Brave Hearts Publishing",published,https://www.braveheartspublishing.com/blog/tag/kids+books,,none,Restore/import before considering retirement,yes,title similarity=0.00; public sitemap/HTML review
https://www.braveheartspublishing.com/blog/tag/elementary+classroom,post,Blog post,"elementary classroom — Bridge Books, Reading Tips & Kids Adventure Books | Brave Hearts Publishing Blog — Brave Hearts Publishing",published,https://www.braveheartspublishing.com/blog/tag/elementary+classroom,,none,Restore/import before considering retirement,yes,title similarity=0.00; public sitemap/HTML review
https://www.braveheartspublishing.com/blog/tag/chapter+books+for+kids,post,Blog post,"chapter books for kids — Bridge Books, Reading Tips & Kids Adventure Books | Brave Hearts Publishing Blog — Brave Hearts Publishing",published,https://www.braveheartspublishing.com/blog/tag/chapter+books+for+kids,,none,Restore/import before considering retirement,yes,title similarity=0.00; public sitemap/HTML review
https://www.braveheartspublishing.com/blog/tag/chapter+books+for+beginners,post,Blog post,"chapter books for beginners — Bridge Books, Reading Tips & Kids Adventure Books | Brave Hearts Publishing Blog — Brave Hearts Publishing",published,https://www.braveheartspublishing.com/blog/tag/chapter+books+for+beginners,,none,Restore/import before considering retirement,yes,title similarity=0.00; public sitemap/HTML review
https://www.braveheartspublishing.com/blog/tag/magic+tree+house+alternatives,post,Blog post,"magic tree house alternatives — Bridge Books, Reading Tips & Kids Adventure Books | Brave Hearts Publishing Blog — Brave Hearts Publishing",published,https://www.braveheartspublishing.com/blog/tag/magic+tree+house+alternatives,,none,Restore/import before considering retirement,yes,title similarity=0.00; public sitemap/HTML review
https://www.braveheartspublishing.com/blog/tag/gap+between+picture+books+and+chapter+books,post,Blog post,"gap between picture books and chapter books — Bridge Books, Reading Tips & Kids Adventure Books | Brave Hearts Publishing Blog — Brave Hearts Publishing",published,https://www.braveheartspublishing.com/blog/tag/gap+between+picture+books+and+chapter+books,,none,Restore/import before considering retirement,yes,title similarity=0.00; public sitemap/HTML review
https://www.braveheartspublishing.com/blog/tag/Ocean+Facts,post,Blog post,"Ocean Facts — Bridge Books, Reading Tips & Kids Adventure Books | Brave Hearts Publishing Blog — Brave Hearts Publishing",published,https://www.braveheartspublishing.com/blog/tag/Ocean+Facts,,none,Restore/import before considering retirement,yes,title similarity=0.00; public sitemap/HTML review
https://www.braveheartspublishing.com/blog/tag/classroom+read+aloud,post,Blog post,"classroom read aloud — Bridge Books, Reading Tips & Kids Adventure Books | Brave Hearts Publishing Blog — Brave Hearts Publishing",published,https://www.braveheartspublishing.com/blog/tag/classroom+read+aloud,,none,Restore/import before considering retirement,yes,title similarity=0.00; public sitemap/HTML review
https://www.braveheartspublishing.com/blog/tag/science+books+for+8+year+olds,post,Blog post,"science books for 8 year olds — Bridge Books, Reading Tips & Kids Adventure Books | Brave Hearts Publishing Blog — Brave Hearts Publishing",published,https://www.braveheartspublishing.com/blog/tag/science+books+for+8+year+olds,,none,Restore/import before considering retirement,yes,title similarity=0.00; public sitemap/HTML review
https://www.braveheartspublishing.com/blog/tag/stem+books,post,Blog post,"stem books — Bridge Books, Reading Tips & Kids Adventure Books | Brave Hearts Publishing Blog — Brave Hearts Publishing",published,https://www.braveheartspublishing.com/blog/tag/stem+books,,none,Restore/import before considering retirement,yes,title similarity=0.00; public sitemap/HTML review
https://www.braveheartspublishing.com/blog/tag/books+like+dog+man,post,Blog post,"books like dog man — Bridge Books, Reading Tips & Kids Adventure Books | Brave Hearts Publishing Blog — Brave Hearts Publishing",published,https://www.braveheartspublishing.com/blog/tag/books+like+dog+man,,none,Restore/import before considering retirement,yes,title similarity=0.00; public sitemap/HTML review
https://www.braveheartspublishing.com/blog/tag/ocean+books+for+kids,post,Blog post,"ocean books for kids — Bridge Books, Reading Tips & Kids Adventure Books | Brave Hearts Publishing Blog — Brave Hearts Publishing",published,https://www.braveheartspublishing.com/blog/tag/ocean+books+for+kids,,none,Restore/import before considering retirement,yes,title similarity=0.00; public sitemap/HTML review
https://www.braveheartspublishing.com/blog/tag/Early+Readers,post,Blog post,"Early Readers — Bridge Books, Reading Tips & Kids Adventure Books | Brave Hearts Publishing Blog — Brave Hearts Publishing",published,https://www.braveheartspublishing.com/blog/tag/Early+Readers,,none,Restore/import before considering retirement,yes,title similarity=0.00; public sitemap/HTML review
https://www.braveheartspublishing.com/blog/tag/Origin+Story,post,Blog post,"Origin Story — Bridge Books, Reading Tips & Kids Adventure Books | Brave Hearts Publishing Blog — Brave Hearts Publishing",published,https://www.braveheartspublishing.com/blog/tag/Origin+Story,,none,Restore/import before considering retirement,yes,title similarity=0.00; public sitemap/HTML review
https://www.braveheartspublishing.com/blog/tag/reading+list+for+kids,post,Blog post,"reading list for kids — Bridge Books, Reading Tips & Kids Adventure Books | Brave Hearts Publishing Blog — Brave Hearts Publishing",published,https://www.braveheartspublishing.com/blog/tag/reading+list+for+kids,,none,Restore/import before considering retirement,yes,title similarity=0.00; public sitemap/HTML review
https://www.braveheartspublishing.com/blog/tag/teacher+appreciation+week,post,Blog post,"teacher appreciation week — Bridge Books, Reading Tips & Kids Adventure Books | Brave Hearts Publishing Blog — Brave Hearts Publishing",published,https://www.braveheartspublishing.com/blog/tag/teacher+appreciation+week,,none,Restore/import before considering retirement,yes,title similarity=0.00; public sitemap/HTML review
https://www.braveheartspublishing.com/blog/tag/Mariana+Trench+Book,post,Blog post,"Mariana Trench Book — Bridge Books, Reading Tips & Kids Adventure Books | Brave Hearts Publishing Blog — Brave Hearts Publishing",published,https://www.braveheartspublishing.com/blog/tag/Mariana+Trench+Book,,none,Restore/import before considering retirement,yes,title similarity=0.00; public sitemap/HTML review
https://www.braveheartspublishing.com/blog/tag/children%27s+book+review,post,Blog post,"children's book review — Bridge Books, Reading Tips & Kids Adventure Books | Brave Hearts Publishing Blog — Brave Hearts Publishing",published,https://www.braveheartspublishing.com/blog/tag/children%27s+book+review,,none,Restore/import before considering retirement,yes,title similarity=0.00; public sitemap/HTML review
https://www.braveheartspublishing.com/blog/tag/bridge+books+for+struggling+readers,post,Blog post,"bridge books for struggling readers — Bridge Books, Reading Tips & Kids Adventure Books | Brave Hearts Publishing Blog — Brave Hearts Publishing",published,https://www.braveheartspublishing.com/blog/tag/bridge+books+for+struggling+readers,,none,Restore/import before considering retirement,yes,title similarity=0.00; public sitemap/HTML review
https://www.braveheartspublishing.com/blog/tag/what+reading+level+should+my+child+be+at,post,Blog post,"what reading level should my child be at — Bridge Books, Reading Tips & Kids Adventure Books | Brave Hearts Publishing Blog — Brave Hearts Publishing",published,https://www.braveheartspublishing.com/blog/tag/what+reading+level+should+my+child+be+at,,none,Restore/import before considering retirement,yes,title similarity=0.00; public sitemap/HTML review
https://www.braveheartspublishing.com/blog/tag/2nd+grade+reading+level,post,Blog post,"2nd grade reading level — Bridge Books, Reading Tips & Kids Adventure Books | Brave Hearts Publishing Blog — Brave Hearts Publishing",published,https://www.braveheartspublishing.com/blog/tag/2nd+grade+reading+level,,none,Restore/import before considering retirement,yes,title similarity=0.00; public sitemap/HTML review
https://www.braveheartspublishing.com/blog/tag/parent+reading+guide,post,Blog post,"parent reading guide — Bridge Books, Reading Tips & Kids Adventure Books | Brave Hearts Publishing Blog — Brave Hearts Publishing",published,https://www.braveheartspublishing.com/blog/tag/parent+reading+guide,,none,Restore/import before considering retirement,yes,title similarity=0.00; public sitemap/HTML review
https://www.braveheartspublishing.com/blog/tag/how+to+choose+a+read+aloud,post,Blog post,"how to choose a read aloud — Bridge Books, Reading Tips & Kids Adventure Books | Brave Hearts Publishing Blog — Brave Hearts Publishing",published,https://www.braveheartspublishing.com/blog/tag/how+to+choose+a+read+aloud,,none,Restore/import before considering retirement,yes,title similarity=0.00; public sitemap/HTML review
https://www.braveheartspublishing.com/blog/tag/Charlotte+and+Henry,post,Blog post,"Charlotte and Henry — Bridge Books, Reading Tips & Kids Adventure Books | Brave Hearts Publishing Blog — Brave Hearts Publishing",published,https://www.braveheartspublishing.com/blog/tag/Charlotte+and+Henry,,none,Restore/import before considering retirement,yes,title similarity=0.00; public sitemap/HTML review
https://www.braveheartspublishing.com/blog/tag/read+aloud+chapter+books,post,Blog post,"read aloud chapter books — Bridge Books, Reading Tips & Kids Adventure Books | Brave Hearts Publishing Blog — Brave Hearts Publishing",published,https://www.braveheartspublishing.com/blog/tag/read+aloud+chapter+books,,none,Restore/import before considering retirement,yes,title similarity=0.00; public sitemap/HTML review
https://www.braveheartspublishing.com/blog/tag/books+for+8+year+olds,post,Blog post,"books for 8 year olds — Bridge Books, Reading Tips & Kids Adventure Books | Brave Hearts Publishing Blog — Brave Hearts Publishing",published,https://www.braveheartspublishing.com/blog/tag/books+for+8+year+olds,,none,Restore/import before considering retirement,yes,title similarity=0.00; public sitemap/HTML review
https://www.braveheartspublishing.com/blog/tag/best+books+for+grades+1-3,post,Blog post,"best books for grades 1-3 — Bridge Books, Reading Tips & Kids Adventure Books | Brave Hearts Publishing Blog — Brave Hearts Publishing",published,https://www.braveheartspublishing.com/blog/tag/best+books+for+grades+1-3,,none,Restore/import before considering retirement,yes,title similarity=0.00; public sitemap/HTML review
https://www.braveheartspublishing.com/blog/tag/reading+level+chart,post,Blog post,"reading level chart — Bridge Books, Reading Tips & Kids Adventure Books | Brave Hearts Publishing Blog — Brave Hearts Publishing",published,https://www.braveheartspublishing.com/blog/tag/reading+level+chart,,none,Restore/import before considering retirement,yes,title similarity=0.00; public sitemap/HTML review
https://www.braveheartspublishing.com/blog/tag/books+for+struggling+readers,post,Blog post,"books for struggling readers — Bridge Books, Reading Tips & Kids Adventure Books | Brave Hearts Publishing Blog — Brave Hearts Publishing",published,https://www.braveheartspublishing.com/blog/tag/books+for+struggling+readers,,none,Restore/import before considering retirement,yes,title similarity=0.00; public sitemap/HTML review
https://www.braveheartspublishing.com/blog/tag/books+for+reluctant+readers,post,Blog post,"books for reluctant readers — Bridge Books, Reading Tips & Kids Adventure Books | Brave Hearts Publishing Blog — Brave Hearts Publishing",published,https://www.braveheartspublishing.com/blog/tag/books+for+reluctant+readers,,none,Restore/import before considering retirement,yes,title similarity=0.00; public sitemap/HTML review
https://www.braveheartspublishing.com/blog/tag/1st+grade+reading+level,post,Blog post,"1st grade reading level — Bridge Books, Reading Tips & Kids Adventure Books | Brave Hearts Publishing Blog — Brave Hearts Publishing",published,https://www.braveheartspublishing.com/blog/tag/1st+grade+reading+level,,none,Restore/import before considering retirement,yes,title similarity=0.00; public sitemap/HTML review
https://www.braveheartspublishing.com/blog/tag/captain+underpants+books,post,Blog post,"captain underpants books — Bridge Books, Reading Tips & Kids Adventure Books | Brave Hearts Publishing Blog — Brave Hearts Publishing",published,https://www.braveheartspublishing.com/blog/tag/captain+underpants+books,,none,Restore/import before considering retirement,yes,title similarity=0.00; public sitemap/HTML review
https://www.braveheartspublishing.com/blog/tag/dog+man+to+magic+tree+house,post,Blog post,"dog man to magic tree house — Bridge Books, Reading Tips & Kids Adventure Books | Brave Hearts Publishing Blog — Brave Hearts Publishing",published,https://www.braveheartspublishing.com/blog/tag/dog+man+to+magic+tree+house,,none,Restore/import before considering retirement,yes,title similarity=0.00; public sitemap/HTML review
https://www.braveheartspublishing.com/blog/tag/science+books+for+7+year+olds,post,Blog post,"science books for 7 year olds — Bridge Books, Reading Tips & Kids Adventure Books | Brave Hearts Publishing Blog — Brave Hearts Publishing",published,https://www.braveheartspublishing.com/blog/tag/science+books+for+7+year+olds,,none,Restore/import before considering retirement,yes,title similarity=0.00; public sitemap/HTML review
https://www.braveheartspublishing.com/blog/tag/reading+tips,post,Blog post,"reading tips — Bridge Books, Reading Tips & Kids Adventure Books | Brave Hearts Publishing Blog — Brave Hearts Publishing",published,https://www.braveheartspublishing.com/blog/tag/reading+tips,,none,Restore/import before considering retirement,yes,title similarity=0.00; public sitemap/HTML review
https://www.braveheartspublishing.com/blog/tag/ocean+chapter+books+for+kids,post,Blog post,"ocean chapter books for kids — Bridge Books, Reading Tips & Kids Adventure Books | Brave Hearts Publishing Blog — Brave Hearts Publishing",published,https://www.braveheartspublishing.com/blog/tag/ocean+chapter+books+for+kids,,none,Restore/import before considering retirement,yes,title similarity=0.00; public sitemap/HTML review
https://www.braveheartspublishing.com/blog/tag/stem+for+kids,post,Blog post,"stem for kids — Bridge Books, Reading Tips & Kids Adventure Books | Brave Hearts Publishing Blog — Brave Hearts Publishing",published,https://www.braveheartspublishing.com/blog/tag/stem+for+kids,,none,Restore/import before considering retirement,yes,title similarity=0.00; public sitemap/HTML review
https://www.braveheartspublishing.com/blog/tag/Books+for+kids+ages+6-9,post,Blog post,"Books for kids ages 6-9 — Bridge Books, Reading Tips & Kids Adventure Books | Brave Hearts Publishing Blog — Brave Hearts Publishing",published,https://www.braveheartspublishing.com/blog/tag/Books+for+kids+ages+6-9,,none,Restore/import before considering retirement,yes,title similarity=0.00; public sitemap/HTML review
https://www.braveheartspublishing.com/blog/tag/adventure+science+books,post,Blog post,"adventure science books — Bridge Books, Reading Tips & Kids Adventure Books | Brave Hearts Publishing Blog — Brave Hearts Publishing",published,https://www.braveheartspublishing.com/blog/tag/adventure+science+books,,none,Restore/import before considering retirement,yes,title similarity=0.00; public sitemap/HTML review
https://www.braveheartspublishing.com/blog/tag/Charlotte+and+Henry+Books,post,Blog post,"Charlotte and Henry Books — Bridge Books, Reading Tips & Kids Adventure Books | Brave Hearts Publishing Blog — Brave Hearts Publishing",published,https://www.braveheartspublishing.com/blog/tag/Charlotte+and+Henry+Books,,none,Restore/import before considering retirement,yes,title similarity=0.00; public sitemap/HTML review
https://www.braveheartspublishing.com/blog/tag/how+to+get+kids+to+read,post,Blog post,"how to get kids to read — Bridge Books, Reading Tips & Kids Adventure Books | Brave Hearts Publishing Blog — Brave Hearts Publishing",published,https://www.braveheartspublishing.com/blog/tag/how+to+get+kids+to+read,,none,Restore/import before considering retirement,yes,title similarity=0.00; public sitemap/HTML review
https://www.braveheartspublishing.com/blog/tag/science+chapter+books+for+kids,post,Blog post,"science chapter books for kids — Bridge Books, Reading Tips & Kids Adventure Books | Brave Hearts Publishing Blog — Brave Hearts Publishing",published,https://www.braveheartspublishing.com/blog/tag/science+chapter+books+for+kids,,none,Restore/import before considering retirement,yes,title similarity=0.00; public sitemap/HTML review
https://www.braveheartspublishing.com/blog/tag/mountain+books+for+kids,post,Blog post,"mountain books for kids — Bridge Books, Reading Tips & Kids Adventure Books | Brave Hearts Publishing Blog — Brave Hearts Publishing",published,https://www.braveheartspublishing.com/blog/tag/mountain+books+for+kids,,none,Restore/import before considering retirement,yes,title similarity=0.00; public sitemap/HTML review
https://www.braveheartspublishing.com/blog/tag/Mount+Everest,post,Blog post,"Mount Everest — Bridge Books, Reading Tips & Kids Adventure Books | Brave Hearts Publishing Blog — Brave Hearts Publishing",published,https://www.braveheartspublishing.com/blog/tag/Mount+Everest,,none,Restore/import before considering retirement,yes,title similarity=0.00; public sitemap/HTML review
https://www.braveheartspublishing.com/blog/tag/elementary+read+aloud,post,Blog post,"elementary read aloud — Bridge Books, Reading Tips & Kids Adventure Books | Brave Hearts Publishing Blog — Brave Hearts Publishing",published,https://www.braveheartspublishing.com/blog/tag/elementary+read+aloud,,none,Restore/import before considering retirement,yes,title similarity=0.00; public sitemap/HTML review
https://www.braveheartspublishing.com/blog/tag/is+my+child+behind+in+reading,post,Blog post,"is my child behind in reading — Bridge Books, Reading Tips & Kids Adventure Books | Brave Hearts Publishing Blog — Brave Hearts Publishing",published,https://www.braveheartspublishing.com/blog/tag/is+my+child+behind+in+reading,,none,Restore/import before considering retirement,yes,title similarity=0.00; public sitemap/HTML review
https://www.braveheartspublishing.com/blog/tag/charlotte+and+henry,post,Blog post,"charlotte and henry — Bridge Books, Reading Tips & Kids Adventure Books | Brave Hearts Publishing Blog — Brave Hearts Publishing",published,https://www.braveheartspublishing.com/blog/tag/charlotte+and+henry,,none,Restore/import before considering retirement,yes,title similarity=0.00; public sitemap/HTML review
https://www.braveheartspublishing.com/blog/tag/What+to+read+after+dog+man,post,Blog post,"What to read after dog man — Bridge Books, Reading Tips & Kids Adventure Books | Brave Hearts Publishing Blog — Brave Hearts Publishing",published,https://www.braveheartspublishing.com/blog/tag/What+to+read+after+dog+man,,none,Restore/import before considering retirement,yes,title similarity=0.00; public sitemap/HTML review
https://www.braveheartspublishing.com/blog/tag/science+facts,post,Blog post,"science facts — Bridge Books, Reading Tips & Kids Adventure Books | Brave Hearts Publishing Blog — Brave Hearts Publishing",published,https://www.braveheartspublishing.com/blog/tag/science+facts,,none,Restore/import before considering retirement,yes,title similarity=0.00; public sitemap/HTML review
https://www.braveheartspublishing.com/blog/tag/grades+1-3+read+aloud,post,Blog post,"grades 1-3 read aloud — Bridge Books, Reading Tips & Kids Adventure Books | Brave Hearts Publishing Blog — Brave Hearts Publishing",published,https://www.braveheartspublishing.com/blog/tag/grades+1-3+read+aloud,,none,Restore/import before considering retirement,yes,title similarity=0.00; public sitemap/HTML review
https://www.braveheartspublishing.com/blog/tag/books+for+kids+who+love+science,post,Blog post,"books for kids who love science — Bridge Books, Reading Tips & Kids Adventure Books | Brave Hearts Publishing Blog — Brave Hearts Publishing",published,https://www.braveheartspublishing.com/blog/tag/books+for+kids+who+love+science,,none,Restore/import before considering retirement,yes,title similarity=0.00; public sitemap/HTML review
https://www.braveheartspublishing.com/blog/tag/lexile+score,post,Blog post,"lexile score — Bridge Books, Reading Tips & Kids Adventure Books | Brave Hearts Publishing Blog — Brave Hearts Publishing",published,https://www.braveheartspublishing.com/blog/tag/lexile+score,,none,Restore/import before considering retirement,yes,title similarity=0.00; public sitemap/HTML review
https://www.braveheartspublishing.com/blog/tag/kids+who+hate+reading,post,Blog post,"kids who hate reading — Bridge Books, Reading Tips & Kids Adventure Books | Brave Hearts Publishing Blog — Brave Hearts Publishing",published,https://www.braveheartspublishing.com/blog/tag/kids+who+hate+reading,,none,Restore/import before considering retirement,yes,title similarity=0.00; public sitemap/HTML review
https://www.braveheartspublishing.com/blog/tag/my+child+hates+reading,post,Blog post,"my child hates reading — Bridge Books, Reading Tips & Kids Adventure Books | Brave Hearts Publishing Blog — Brave Hearts Publishing",published,https://www.braveheartspublishing.com/blog/tag/my+child+hates+reading,,none,Restore/import before considering retirement,yes,title similarity=0.00; public sitemap/HTML review
https://www.braveheartspublishing.com/blog/tag/adventure+books+for+kids,post,Blog post,"adventure books for kids — Bridge Books, Reading Tips & Kids Adventure Books | Brave Hearts Publishing Blog — Brave Hearts Publishing",published,https://www.braveheartspublishing.com/blog/tag/adventure+books+for+kids,,none,Restore/import before considering retirement,yes,title similarity=0.00; public sitemap/HTML review
https://www.braveheartspublishing.com/blog/tag/How+to+pick+a+read+aloud,post,Blog post,"How to pick a read aloud — Bridge Books, Reading Tips & Kids Adventure Books | Brave Hearts Publishing Blog — Brave Hearts Publishing",published,https://www.braveheartspublishing.com/blog/tag/How+to+pick+a+read+aloud,,none,Restore/import before considering retirement,yes,title similarity=0.00; public sitemap/HTML review
https://www.braveheartspublishing.com/blog/tag/read+aloud+tips,post,Blog post,"read aloud tips — Bridge Books, Reading Tips & Kids Adventure Books | Brave Hearts Publishing Blog — Brave Hearts Publishing",published,https://www.braveheartspublishing.com/blog/tag/read+aloud+tips,,none,Restore/import before considering retirement,yes,title similarity=0.00; public sitemap/HTML review
https://www.braveheartspublishing.com/blog/tag/classroom+visit,post,Blog post,"classroom visit — Bridge Books, Reading Tips & Kids Adventure Books | Brave Hearts Publishing Blog — Brave Hearts Publishing",published,https://www.braveheartspublishing.com/blog/tag/classroom+visit,,none,Restore/import before considering retirement,yes,title similarity=0.00; public sitemap/HTML review
https://www.braveheartspublishing.com/blog/tag/sea+adventure+books,post,Blog post,"sea adventure books — Bridge Books, Reading Tips & Kids Adventure Books | Brave Hearts Publishing Blog — Brave Hearts Publishing",published,https://www.braveheartspublishing.com/blog/tag/sea+adventure+books,,none,Restore/import before considering retirement,yes,title similarity=0.00; public sitemap/HTML review
https://www.braveheartspublishing.com/blog/tag/reading+level+by+grade,post,Blog post,"reading level by grade — Bridge Books, Reading Tips & Kids Adventure Books | Brave Hearts Publishing Blog — Brave Hearts Publishing",published,https://www.braveheartspublishing.com/blog/tag/reading+level+by+grade,,none,Restore/import before considering retirement,yes,title similarity=0.00; public sitemap/HTML review
https://www.braveheartspublishing.com/blog/tag/books+like+magic+tree+house,post,Blog post,"books like magic tree house — Bridge Books, Reading Tips & Kids Adventure Books | Brave Hearts Publishing Blog — Brave Hearts Publishing",published,https://www.braveheartspublishing.com/blog/tag/books+like+magic+tree+house,,none,Restore/import before considering retirement,yes,title similarity=0.00; public sitemap/HTML review
https://www.braveheartspublishing.com/blog/tag/Children%27s+Books,post,Blog post,"Children's Books — Bridge Books, Reading Tips & Kids Adventure Books | Brave Hearts Publishing Blog — Brave Hearts Publishing",published,https://www.braveheartspublishing.com/blog/tag/Children%27s+Books,,none,Restore/import before considering retirement,yes,title similarity=0.00; public sitemap/HTML review
https://www.braveheartspublishing.com/blog/tag/stem+books+for+kids+ages+6-9,post,Blog post,"stem books for kids ages 6-9 — Bridge Books, Reading Tips & Kids Adventure Books | Brave Hearts Publishing Blog — Brave Hearts Publishing",published,https://www.braveheartspublishing.com/blog/tag/stem+books+for+kids+ages+6-9,,none,Restore/import before considering retirement,yes,title similarity=0.00; public sitemap/HTML review
https://www.braveheartspublishing.com/blog/tag/children%27s+books,post,Blog post,"children's books — Bridge Books, Reading Tips & Kids Adventure Books | Brave Hearts Publishing Blog — Brave Hearts Publishing",published,https://www.braveheartspublishing.com/blog/tag/children%27s+books,,none,Restore/import before considering retirement,yes,title similarity=0.00; public sitemap/HTML review
https://www.braveheartspublishing.com/blog/tag/everest+for+kids,post,Blog post,"everest for kids — Bridge Books, Reading Tips & Kids Adventure Books | Brave Hearts Publishing Blog — Brave Hearts Publishing",published,https://www.braveheartspublishing.com/blog/tag/everest+for+kids,,none,Restore/import before considering retirement,yes,title similarity=0.00; public sitemap/HTML review
https://www.braveheartspublishing.com/blog/tag/graphic+novel+to+chapter+books,post,Blog post,"graphic novel to chapter books — Bridge Books, Reading Tips & Kids Adventure Books | Brave Hearts Publishing Blog — Brave Hearts Publishing",published,https://www.braveheartspublishing.com/blog/tag/graphic+novel+to+chapter+books,,none,Restore/import before considering retirement,yes,title similarity=0.00; public sitemap/HTML review
https://www.braveheartspublishing.com/blog/tag/Kirkus+reviews+children%27s+book,post,Blog post,"Kirkus reviews children's book — Bridge Books, Reading Tips & Kids Adventure Books | Brave Hearts Publishing Blog — Brave Hearts Publishing",published,https://www.braveheartspublishing.com/blog/tag/Kirkus+reviews+children%27s+book,,none,Restore/import before considering retirement,yes,title similarity=0.00; public sitemap/HTML review
https://www.braveheartspublishing.com/blog/tag/reading+stamina,post,Blog post,"reading stamina — Bridge Books, Reading Tips & Kids Adventure Books | Brave Hearts Publishing Blog — Brave Hearts Publishing",published,https://www.braveheartspublishing.com/blog/tag/reading+stamina,,none,Restore/import before considering retirement,yes,title similarity=0.00; public sitemap/HTML review
https://www.braveheartspublishing.com/blog/tag/book+for+kids+ages+6-9,post,Blog post,"book for kids ages 6-9 — Bridge Books, Reading Tips & Kids Adventure Books | Brave Hearts Publishing Blog — Brave Hearts Publishing",published,https://www.braveheartspublishing.com/blog/tag/book+for+kids+ages+6-9,,none,Restore/import before considering retirement,yes,title similarity=0.00; public sitemap/HTML review
https://www.braveheartspublishing.com/blog/tag/early+readers,post,Blog post,"early readers — Bridge Books, Reading Tips & Kids Adventure Books | Brave Hearts Publishing Blog — Brave Hearts Publishing",published,https://www.braveheartspublishing.com/blog/tag/early+readers,,none,Restore/import before considering retirement,yes,title similarity=0.00; public sitemap/HTML review
https://www.braveheartspublishing.com/blog/tag/3rd+grade+reading+level,post,Blog post,"3rd grade reading level — Bridge Books, Reading Tips & Kids Adventure Books | Brave Hearts Publishing Blog — Brave Hearts Publishing",published,https://www.braveheartspublishing.com/blog/tag/3rd+grade+reading+level,,none,Restore/import before considering retirement,yes,title similarity=0.00; public sitemap/HTML review
https://www.braveheartspublishing.com/blog/tag/reading+transition,post,Blog post,"reading transition — Bridge Books, Reading Tips & Kids Adventure Books | Brave Hearts Publishing Blog — Brave Hearts Publishing",published,https://www.braveheartspublishing.com/blog/tag/reading+transition,,none,Restore/import before considering retirement,yes,title similarity=0.00; public sitemap/HTML review
https://www.braveheartspublishing.com/blog/tag/children%27s+reading+stages,post,Blog post,"children's reading stages — Bridge Books, Reading Tips & Kids Adventure Books | Brave Hearts Publishing Blog — Brave Hearts Publishing",published,https://www.braveheartspublishing.com/blog/tag/children%27s+reading+stages,,none,Restore/import before considering retirement,yes,title similarity=0.00; public sitemap/HTML review
https://www.braveheartspublishing.com/blog/tag/Boise+Idaho,post,Blog post,"Boise Idaho — Bridge Books, Reading Tips & Kids Adventure Books | Brave Hearts Publishing Blog — Brave Hearts Publishing",published,https://www.braveheartspublishing.com/blog/tag/Boise+Idaho,,none,Restore/import before considering retirement,yes,title similarity=0.00; public sitemap/HTML review
https://www.braveheartspublishing.com/blog/tag/Mariana+Trench+Facts,post,Blog post,"Mariana Trench Facts — Bridge Books, Reading Tips & Kids Adventure Books | Brave Hearts Publishing Blog — Brave Hearts Publishing",published,https://www.braveheartspublishing.com/blog/tag/Mariana+Trench+Facts,,none,Restore/import before considering retirement,yes,title similarity=0.00; public sitemap/HTML review
https://www.braveheartspublishing.com/blog/tag/teacher+read+aloud,post,Blog post,"teacher read aloud — Bridge Books, Reading Tips & Kids Adventure Books | Brave Hearts Publishing Blog — Brave Hearts Publishing",published,https://www.braveheartspublishing.com/blog/tag/teacher+read+aloud,,none,Restore/import before considering retirement,yes,title similarity=0.00; public sitemap/HTML review
https://www.braveheartspublishing.com/blog/tag/transitional+readers,post,Blog post,"transitional readers — Bridge Books, Reading Tips & Kids Adventure Books | Brave Hearts Publishing Blog — Brave Hearts Publishing",published,https://www.braveheartspublishing.com/blog/tag/transitional+readers,,none,Restore/import before considering retirement,yes,title similarity=0.00; public sitemap/HTML review
https://www.braveheartspublishing.com/blog/tag/books+for+boys+ages+6-9,post,Blog post,"books for boys ages 6-9 — Bridge Books, Reading Tips & Kids Adventure Books | Brave Hearts Publishing Blog — Brave Hearts Publishing",published,https://www.braveheartspublishing.com/blog/tag/books+for+boys+ages+6-9,,none,Restore/import before considering retirement,yes,title similarity=0.00; public sitemap/HTML review
https://www.braveheartspublishing.com/blog/tag/nature+for+kids,post,Blog post,"nature for kids — Bridge Books, Reading Tips & Kids Adventure Books | Brave Hearts Publishing Blog — Brave Hearts Publishing",published,https://www.braveheartspublishing.com/blog/tag/nature+for+kids,,none,Restore/import before considering retirement,yes,title similarity=0.00; public sitemap/HTML review
https://www.braveheartspublishing.com/blog/tag/grades+1-3,post,Blog post,"grades 1-3 — Bridge Books, Reading Tips & Kids Adventure Books | Brave Hearts Publishing Blog — Brave Hearts Publishing",published,https://www.braveheartspublishing.com/blog/tag/grades+1-3,,none,Restore/import before considering retirement,yes,title similarity=0.00; public sitemap/HTML review
https://www.braveheartspublishing.com/blog/tag/dog+man+next+book,post,Blog post,"dog man next book — Bridge Books, Reading Tips & Kids Adventure Books | Brave Hearts Publishing Blog — Brave Hearts Publishing",published,https://www.braveheartspublishing.com/blog/tag/dog+man+next+book,,none,Restore/import before considering retirement,yes,title similarity=0.00; public sitemap/HTML review
https://www.braveheartspublishing.com/home,page,Standard page,Brave Hearts Publishing | Bridge Books for Kids Ages 6–9,published,https://www.braveheartspublishing.com,https://www.braveheartspublishing.com/,high,301 after final host and Rank Math conflict check,no,title similarity=0.03; public sitemap/HTML review
https://images.squarespace-cdn.com/content/v1/69a4852e7db0bc7e34bc3354/7c5f01ec-a2c4-4bfa-b1ef-13d0622713c5/E-Book+Cover+-+Final-+4-6-26.jpeg.jpg,page,Standard page,,published,,,none,Determine page intent and traffic/backlinks,yes,title similarity=0.00; public sitemap/HTML review
https://images.squarespace-cdn.com/content/v1/69a4852e7db0bc7e34bc3354/a787e1c6-a0f9-4f85-bbd9-079a9becf4ec/Final+Ebook+Cover+4-10-26-+Everest.jpg,page,Standard page,,published,,,none,Determine page intent and traffic/backlinks,yes,title similarity=0.00; public sitemap/HTML review
https://images.squarespace-cdn.com/content/v1/69a4852e7db0bc7e34bc3354/949eeadf-f1dc-4f0f-b8b7-c183c5353a02/Andrew+and+Charlotte.jpg,page,Standard page,,published,,,none,Determine page intent and traffic/backlinks,yes,title similarity=0.00; public sitemap/HTML review
https://images.squarespace-cdn.com/content/v1/69a4852e7db0bc7e34bc3354/cccb6f01-5fd3-4a31-94de-1cfdf4c399a4/Children%27s+adventure+New+Cover+Text-+Cropped_upscayl_4x_upscayl-standard-4x.png,page,Standard page,,published,,,none,Determine page intent and traffic/backlinks,yes,title similarity=0.00; public sitemap/HTML review
https://images.squarespace-cdn.com/content/v1/69a4852e7db0bc7e34bc3354/4b32f4e4-2bbd-4b58-85a1-9c8f8d9b6901/FUll+scene+Full+rough+OLDER.png,page,Standard page,,published,,,none,Determine page intent and traffic/backlinks,yes,title similarity=0.00; public sitemap/HTML review
https://images.squarespace-cdn.com/content/v1/69a4852e7db0bc7e34bc3354/b3484e23-cd5f-4ec8-8e16-3d803c3f6285/C2+Half+Scene+Older-+trans.jpg,page,Standard page,,published,,,none,Determine page intent and traffic/backlinks,yes,title similarity=0.00; public sitemap/HTML review
https://images.squarespace-cdn.com/content/v1/69a4852e7db0bc7e34bc3354/62c80681-03f3-40b3-bdc2-b82443da03fb/C5+Half+Scene+Older+-+trans.jpg,page,Standard page,,published,,,none,Determine page intent and traffic/backlinks,yes,title similarity=0.00; public sitemap/HTML review
https://images.squarespace-cdn.com/content/v1/69a4852e7db0bc7e34bc3354/ae636775-0bec-429b-971a-50168afc9426/C11+Challenger+Deep+-+Full+page+bleed.jpg,page,Standard page,,published,,,none,Determine page intent and traffic/backlinks,yes,title similarity=0.00; public sitemap/HTML review
https://www.braveheartspublishing.com/contact,page,Standard page,Contact Brave Hearts Publishing | Author Inquiries & School Visits — Brave Hearts Publishing,published,https://www.braveheartspublishing.com/contact,https://www.braveheartspublishing.com/contact/,high,Preserve URL,no,title similarity=0.15; public sitemap/HTML review
https://images.squarespace-cdn.com/content/v1/69a4852e7db0bc7e34bc3354/fa99bb61-4609-4bd4-aed7-bb6344e30719/Brave+Learning_upscayl_4x_upscayl-standard-4x.png,page,Standard page,,published,,,none,Determine page intent and traffic/backlinks,yes,title similarity=0.00; public sitemap/HTML review
https://images.squarespace-cdn.com/content/v1/69a4852e7db0bc7e34bc3354/7a1e849f-0a28-41ac-89fa-e1b21d4cc4eb/Brave+Learning+Resource+_upscayl_4x_upscayl-standard-4x-SMALL.jpg,page,Standard page,,published,,,none,Determine page intent and traffic/backlinks,yes,title similarity=0.00; public sitemap/HTML review
https://images.squarespace-cdn.com/content/v1/69a4852e7db0bc7e34bc3354/00756100-cb99-4461-862c-fea29f6a75b2/Mariana+trench+diagram-Resized-5.75x8.75-+With+margins_upscayl_4x_upscayl-standard-4x-+SMALL.jpg,page,Standard page,,published,,,none,Determine page intent and traffic/backlinks,yes,title similarity=0.00; public sitemap/HTML review
https://www.braveheartspublishing.com/books,page,Standard page,Adventures of Charlotte & Henry — Bridge Books for Kids Ages 6–9 — Brave Hearts Publishing,published,https://www.braveheartspublishing.com/books,https://www.braveheartspublishing.com/books/,high,Preserve URL,no,title similarity=0.11; public sitemap/HTML review
https://images.squarespace-cdn.com/content/v1/69a4852e7db0bc7e34bc3354/89616443-bca6-4b7c-a5fc-7ace152df74f/E-Book+Cover+-+Final-+4-6-26.jpeg.jpg,page,Standard page,,published,,,none,Determine page intent and traffic/backlinks,yes,title similarity=0.00; public sitemap/HTML review
https://images.squarespace-cdn.com/content/v1/69a4852e7db0bc7e34bc3354/ae1a26aa-5bc8-44c2-b8e8-f26507a3ab1e/Final+Ebook+Cover+4-10-26-+Everest.jpg,page,Standard page,,published,,,none,Determine page intent and traffic/backlinks,yes,title similarity=0.00; public sitemap/HTML review
https://www.braveheartspublishing.com/teachers,page,Standard page,Free Teacher's Guide | Adventures of Charlotte and Henry: The Mariana Trench — Brave Hearts Publishing,published,https://www.braveheartspublishing.com/teachers,https://www.braveheartspublishing.com/teachers/,high,Preserve URL,no,title similarity=0.20; public sitemap/HTML review
https://images.squarespace-cdn.com/content/v1/69a4852e7db0bc7e34bc3354/d115aecd-a9e1-4edf-8a6a-81d5e36e1468/image15.jpeg,page,Standard page,,published,,,none,Determine page intent and traffic/backlinks,yes,title similarity=0.00; public sitemap/HTML review
https://images.squarespace-cdn.com/content/v1/69a4852e7db0bc7e34bc3354/b45a263a-606b-44a0-b5c9-ab4d5d8486cd/image17.jpeg,page,Standard page,,published,,,none,Determine page intent and traffic/backlinks,yes,title similarity=0.00; public sitemap/HTML review
https://images.squarespace-cdn.com/content/v1/69a4852e7db0bc7e34bc3354/f40f076a-d9e2-4a15-afb7-4d81afa4f143/image10.jpeg,page,Standard page,,published,,,none,Determine page intent and traffic/backlinks,yes,title similarity=0.00; public sitemap/HTML review
https://images.squarespace-cdn.com/content/v1/69a4852e7db0bc7e34bc3354/fcffcc1f-ef71-4902-99d3-b7eca28962b4/image8.jpeg,page,Standard page,,published,,,none,Determine page intent and traffic/backlinks,yes,title similarity=0.00; public sitemap/HTML review
https://images.squarespace-cdn.com/content/v1/69a4852e7db0bc7e34bc3354/a7e60701-871a-42be-a455-8fd70d980e5e/Screenshot+2026-03-19+17.58.08.png,page,Standard page,,published,,,none,Determine page intent and traffic/backlinks,yes,title similarity=0.00; public sitemap/HTML review
https://images.squarespace-cdn.com/content/v1/69a4852e7db0bc7e34bc3354/e5d88ccd-1805-4895-9df7-a4b18dbc8a0f/C10+The+Dive+Half+Scene.jpg,page,Standard page,,published,,,none,Determine page intent and traffic/backlinks,yes,title similarity=0.00; public sitemap/HTML review
https://images.squarespace-cdn.com/content/v1/69a4852e7db0bc7e34bc3354/25855020-20ee-4015-be71-f20db1b336d1/Screenshot+2026-03-19+17.58.40_upscayl_4x_upscayl-standard-4x.png,page,Standard page,,published,,,none,Determine page intent and traffic/backlinks,yes,title similarity=0.00; public sitemap/HTML review
https://images.squarespace-cdn.com/content/v1/69a4852e7db0bc7e34bc3354/e20c56db-28bd-4679-8941-c3fff9a81023/Screenshot+2026-03-19+17.59.08_upscayl_4x_upscayl-standard-4x.png,page,Standard page,,published,,,none,Determine page intent and traffic/backlinks,yes,title similarity=0.00; public sitemap/HTML review
https://www.braveheartspublishing.com/bridge-books,page,Standard page,Bridge Books for Kids Ages 6–9 | The Parent's Complete Guide — Brave Hearts Publishing,published,https://www.braveheartspublishing.com/bridge-books,https://www.braveheartspublishing.com/bridge-books/,high,Preserve URL,no,title similarity=0.75; public sitemap/HTML review
https://images.squarespace-cdn.com/content/v1/69a4852e7db0bc7e34bc3354/804f2ec8-d347-4cf6-bc6b-15049b574ad7/Best+Bridge+Books+for+Kids+Pin.png,page,Standard page,,published,,,none,Determine page intent and traffic/backlinks,yes,title similarity=0.00; public sitemap/HTML review
https://www.braveheartspublishing.com/reading-levels,page,Standard page,Reading Levels & Lexile Scores — A Parent's Plain-English Guide — Brave Hearts Publishing,published,https://www.braveheartspublishing.com/reading-levels,https://www.braveheartspublishing.com/reading-levels/,high,Preserve URL,no,title similarity=0.50; public sitemap/HTML review
https://images.squarespace-cdn.com/content/v1/69a4852e7db0bc7e34bc3354/d0b13222-266a-4b99-a9fe-5ae95135f61d/What+is+a+Lexile.png,page,Standard page,,published,,,none,Determine page intent and traffic/backlinks,yes,title similarity=0.00; public sitemap/HTML review
https://www.braveheartspublishing.com/mariana-trench,page,Standard page,"Mariana Trench & Ocean Science for Kids — Facts, Books & Adventures — Brave Hearts Publishing",published,https://www.braveheartspublishing.com/mariana-trench,https://www.braveheartspublishing.com/mariana-trench/,high,Preserve URL,no,title similarity=0.83; public sitemap/HTML review
https://images.squarespace-cdn.com/content/v1/69a4852e7db0bc7e34bc3354/2d6830f2-530b-4785-82e9-043191e5e58c/Mariana+Trench+For+Kids+2.png,page,Standard page,,published,,,none,Determine page intent and traffic/backlinks,yes,title similarity=0.00; public sitemap/HTML review
https://www.braveheartspublishing.com/reluctant-readers,page,Standard page,My Child Hates Reading — What Actually Works | Brave Hearts Publishing — Brave Hearts Publishing,published,https://www.braveheartspublishing.com/reluctant-readers,https://www.braveheartspublishing.com/reluctant-readers/,high,Preserve URL,no,title similarity=0.45; public sitemap/HTML review
https://images.squarespace-cdn.com/content/v1/69a4852e7db0bc7e34bc3354/cf0f3391-c1dc-490f-91d2-cba1ac97c63f/Outgrew+picture+books+-+Pin.png,page,Standard page,,published,,,none,Determine page intent and traffic/backlinks,yes,title similarity=0.00; public sitemap/HTML review
https://www.braveheartspublishing.com/read-alouds,page,Standard page,Best Read-Aloud Books for Grades 1–3 | Brave Hearts Publishing — Brave Hearts Publishing,published,https://www.braveheartspublishing.com/read-alouds,https://www.braveheartspublishing.com/read-alouds/,high,Preserve URL,no,title similarity=0.46; public sitemap/HTML review
https://images.squarespace-cdn.com/content/v1/69a4852e7db0bc7e34bc3354/92a3de6b-8ac2-4e75-83c6-a302257fd4f8/The+Best+Read+Aloud+Books+For+the+Classroom.png,page,Standard page,,published,,,none,Determine page intent and traffic/backlinks,yes,title similarity=0.00; public sitemap/HTML review
https://www.braveheartspublishing.com/store,page,Standard page,Store 2 — Brave Hearts Publishing,published,https://www.braveheartspublishing.com/store,,none,Determine page intent and traffic/backlinks,yes,title similarity=0.00; public sitemap/HTML review
