Old URL,Content Type,Title,Real Authored Content,Matching New URL,URL Changed,Action,Notes
https://www.braveheartspublishing.com/blog/science-books-for-kids-that-feel-like-adventures,Blog post,Best Science Books for Kids That Feel Like Real Adventures — Brave Hearts Publishing,yes,https://www.braveheartspublishing.com/science-books-for-kids-that-feel-like-adventures/,yes,REDIRECT,"Verified same slug, matching title intent, published WordPress post"
https://www.braveheartspublishing.com/blog/dog-man-to-magic-tree-house-reading-roadmap,Blog post,From Dog Man to Magic Tree House: The Reading Roadmap — Brave Hearts Publishing,yes,https://www.braveheartspublishing.com/dog-man-to-magic-tree-house-reading-roadmap/,yes,REDIRECT,"Verified same slug, matching title intent, published WordPress post"
https://www.braveheartspublishing.com/blog/kirkus-review-adventures-of-charlotte-and-henry,Blog post,Adventures of Charlotte & Henry Gets a Kirkus GET IT Review — Brave Hearts Publishing,yes,https://www.braveheartspublishing.com/kirkus-review-adventures-of-charlotte-and-henry/,yes,REDIRECT,"Verified same slug, matching title intent, published WordPress post"
https://www.braveheartspublishing.com/blog/what-to-read-after-dog-man,Blog post,What to Read After Dog Man: Bridge Books for Kids — Brave Hearts Publishing,yes,https://www.braveheartspublishing.com/what-to-read-after-dog-man/,yes,REDIRECT,"Verified same slug, matching title intent, published WordPress post"
https://www.braveheartspublishing.com/blog/best-books-for-7-year-olds,Blog post,Best Books for 7 Year Olds That Turn Kids Into Readers — Brave Hearts Publishing,yes,https://www.braveheartspublishing.com/best-books-for-7-year-olds/,yes,REDIRECT,"Verified same slug, matching title intent, published WordPress post"
https://www.braveheartspublishing.com/blog/best-summer-reading-books-for-kids-ages-6-9,Blog post,Best Summer Reading Books for Kids Ages 6–9 — Brave Hearts Publishing,yes,https://www.braveheartspublishing.com/best-summer-reading-books-for-kids-ages-6-9/,yes,REDIRECT,"Verified same slug, matching title intent, published WordPress post"
https://www.braveheartspublishing.com/blog/books-like-magic-tree-house,Blog post,8 Books Like Magic Tree House Your Kids Will Love Just as Much Page — Brave Hearts Publishing,yes,https://www.braveheartspublishing.com/books-like-magic-tree-house/,yes,REDIRECT,"Verified same slug, matching title intent, published WordPress post"
https://www.braveheartspublishing.com/blog/gap-between-picture-books-and-chapter-books,Blog post,The Gap Between Picture Books and Chapter Books Is Real — Here's What Goes There — Brave Hearts Publishing,yes,https://www.braveheartspublishing.com/gap-between-picture-books-and-chapter-books/,yes,REDIRECT,"Verified same slug, matching title intent, published WordPress post"
https://www.braveheartspublishing.com/blog/why-i-wrote-this-book,Blog post,Charlotte Is Real. Henry Is Real. And This Is Why I Wrote Them a Book. — Brave Hearts Publishing,yes,https://www.braveheartspublishing.com/why-i-wrote-this-book/,yes,REDIRECT,"Verified same slug, matching title intent, published WordPress post"
https://www.braveheartspublishing.com/blog/finding-right-books-with-lexile-score,Blog post,I Spent Two Years Picking the Wrong Books. One Number Changed That. — Brave Hearts Publishing,yes,https://www.braveheartspublishing.com/finding-right-books-with-lexile-score/,yes,REDIRECT,"Verified same slug, matching title intent, published WordPress post"
https://www.braveheartspublishing.com/blog/mount-everest-facts-for-kids,Blog post,10 Mount Everest Facts for Kids That Will Make Their Jaw Drop | Ages 6–9 — Brave Hearts Publishing,yes,https://www.braveheartspublishing.com/mount-everest-facts-for-kids/,yes,REDIRECT,"Verified same slug, matching title intent, published WordPress post"
https://www.braveheartspublishing.com/blog/bridge-books-for-struggling-readers,Blog post,Bridge Books for Struggling Readers: A Complete Parent Guide | Brave Hearts Publishing — Brave Hearts Publishing,yes,https://www.braveheartspublishing.com/bridge-books-for-struggling-readers/,yes,REDIRECT,"Verified same slug, matching title intent, published WordPress post"
https://www.braveheartspublishing.com/blog/my-child-hates-reading-what-to-do,Blog post,My Child Hates Reading: What Actually Works | Brave Hearts Publishing — Brave Hearts Publishing,yes,https://www.braveheartspublishing.com/my-child-hates-reading-what-to-do/,yes,REDIRECT,"Verified same slug, matching title intent, published WordPress post"
https://www.braveheartspublishing.com/blog/how-to-pick-a-read-aloud-book,Blog post,How to Pick a Read-Aloud Book That Keeps a Whole Class Listening — Brave Hearts Publishing,yes,https://www.braveheartspublishing.com/how-to-pick-a-read-aloud-book/,yes,REDIRECT,"Verified same slug, matching title intent, published WordPress post"
https://www.braveheartspublishing.com/blog/reading-level-by-grade-chart,Blog post,Reading Level Chart by Grade: What Level Should My Child Be At? — Brave Hearts Publishing,yes,https://www.braveheartspublishing.com/reading-level-by-grade-chart/,yes,REDIRECT,"Verified same slug, matching title intent, published WordPress post"
https://www.braveheartspublishing.com/blog/what-is-the-mariana-trench-for-kids,Blog post,What Is the Mariana Trench? Everything Kids (and Parents) Need to Know — Brave Hearts Publishing,yes,https://www.braveheartspublishing.com/what-is-the-mariana-trench-for-kids/,yes,REDIRECT,"Verified same slug, matching title intent, published WordPress post"
https://www.braveheartspublishing.com/blog/best-read-aloud-books-for-classroom-grades-1-3,Blog post,Best Read Aloud Books for Elementary Classrooms — Grades 1–3 — Brave Hearts Publishing,yes,https://www.braveheartspublishing.com/best-read-aloud-books-for-classroom-grades-1-3/,yes,REDIRECT,"Verified same slug, matching title intent, published WordPress post"
https://www.braveheartspublishing.com/blog/my-child-got-a-lexile-score-now-what,Blog post,My Child Got a Lexile Score — Now What? A Parent's Action Guide — Brave Hearts Publishing,yes,https://www.braveheartspublishing.com/my-child-got-a-lexile-score-now-what/,yes,REDIRECT,"Verified same slug, matching title intent, published WordPress post"
https://www.braveheartspublishing.com/blog/teacher-appreciation-week-thank-you,Blog post,Thank You Teachers — Happy Teacher Appreciation Week | Brave Hearts — Brave Hearts Publishing,yes,https://www.braveheartspublishing.com/teacher-appreciation-week-thank-you/,yes,REDIRECT,"Verified same slug, matching title intent, published WordPress post"
https://www.braveheartspublishing.com/blog/what-is-a-lexile-score,Blog post,What Is a Lexile Score? A Parent's Guide to Reading Levels | Brave Hearts Publishing — Brave Hearts Publishing,yes,https://www.braveheartspublishing.com/what-is-a-lexile-score/,yes,REDIRECT,"Verified same slug, matching title intent, published WordPress post"
https://www.braveheartspublishing.com/blog/top-bridge-books-for-kids,Blog post,Best Bridge Books for Kids (Ages 6-9) — Top Picks for Growing Readers — Brave Hearts Publishing,yes,https://www.braveheartspublishing.com/top-bridge-books-for-kids/,yes,REDIRECT,"Verified same slug, matching title intent, published WordPress post"
https://www.braveheartspublishing.com/blog/bridge-books-for-kids,Blog post,The Complete Guide to Bridge Books for Kids — What They Are & Why They Work — Brave Hearts Publishing,yes,https://www.braveheartspublishing.com/bridge-books-for-kids/,yes,REDIRECT,"Verified same slug, matching title intent, published WordPress post"
https://www.braveheartspublishing.com/blog/best-ocean-books-for-kids-ages-6-9,Blog post,Best Books About the Ocean for Kids Ages 6-9 | Brave Hearts Publishing — Brave Hearts Publishing,yes,https://www.braveheartspublishing.com/best-ocean-books-for-kids-ages-6-9/,yes,REDIRECT,"Verified same slug, matching title intent, published WordPress post"
https://www.braveheartspublishing.com/blog/mariana-trench-facts-for-kids,Blog post,Mariana Trench Facts for Kids — The Deepest Place on Earth | Brave Hearts Publishing — Brave Hearts Publishing,yes,https://www.braveheartspublishing.com/mariana-trench-facts-for-kids/,yes,REDIRECT,"Verified same slug, matching title intent, published WordPress post"
https://www.braveheartspublishing.com/blog/what-are-bridge-books-guide-for-parents-and-teachers,Blog post,My Kid Hates Long Books. Bridge Books Fixed That. | Brave Hearts Publishing — Brave Hearts Publishing,yes,https://www.braveheartspublishing.com/what-are-bridge-books-guide-for-parents-and-teachers/,yes,REDIRECT,"Verified same slug, matching title intent, published WordPress post"
https://www.braveheartspublishing.com/blog/bridge-books-for-early-readers,Blog post,How to Help Your Child Transition from Picture Books to Chapter Books (Bridge Books Guide) — Brave Hearts Publishing,yes,https://www.braveheartspublishing.com/bridge-books-for-early-readers/,yes,REDIRECT,"Verified same slug, matching title intent, published WordPress post"
https://www.braveheartspublishing.com/blog/bridge-books-for-kids-mount-everest,Blog post,Best Bridge Books for Kids + New Mount Everest Adventure — Brave Hearts Publishing,yes,https://www.braveheartspublishing.com/bridge-books-for-kids-mount-everest/,yes,REDIRECT,"Verified same slug, matching title intent, published WordPress post"
https://www.braveheartspublishing.com/blog/best-early-chapter-books-for-6-year-olds,Blog post,Best Early Chapter Books for 6 Year Olds (Easy & Engaging Picks for New Readers) — Brave Hearts Publishing,yes,https://www.braveheartspublishing.com/best-early-chapter-books-for-6-year-olds/,yes,REDIRECT,"Verified same slug, matching title intent, published WordPress post"
https://www.braveheartspublishing.com/blog/free-teachers-guide-mariana-trench,Blog post,Free Teacher's Guide for Adventures of Charlotte and Henry: The Mariana Trench — Brave Hearts Publishing,yes,https://www.braveheartspublishing.com/free-teachers-guide-mariana-trench/,yes,REDIRECT,"Verified same slug, matching title intent, published WordPress post"
https://www.braveheartspublishing.com/blog/first-real-chapter-book-for-kids,Blog post,Best First Chapter Books for Kids Ready to Move Beyond Early Readers — Brave Hearts Publishing,yes,https://www.braveheartspublishing.com/first-real-chapter-book-for-kids/,yes,REDIRECT,"Verified same slug, matching title intent, published WordPress post"
https://www.braveheartspublishing.com/blog/best-bridge-books-for-kids,Blog post,Best Bridge Books for Kids (The Perfect First Chapter Books for Emerging Readers) — Brave Hearts Publishing,yes,https://www.braveheartspublishing.com/best-bridge-books-for-kids/,yes,REDIRECT,"Verified same slug, matching title intent, published WordPress post"
https://www.braveheartspublishing.com/blog/how-deep-is-the-mariana-trench-for-kids,Blog post,How Deep Is the Mariana Trench? Mariana Trench Facts for Kids — Brave Hearts Publishing,yes,https://www.braveheartspublishing.com/how-deep-is-the-mariana-trench-for-kids/,yes,REDIRECT,"Verified same slug, matching title intent, published WordPress post"
https://www.braveheartspublishing.com/blog/adventure-books-for-kids-ages-6-9,Blog post,Why Adventure Books for Kids (Ages 6–9) Build Confidence and Curiosity — Brave Hearts Publishing,yes,https://www.braveheartspublishing.com/adventure-books-for-kids-ages-6-9/,yes,REDIRECT,"Verified same slug, matching title intent, published WordPress post"
https://www.braveheartspublishing.com/blog/how-stories-build-resilience-in-children,Blog post,How Stories Help Children Build Resilience and Courage (Ages 6–9) — Brave Hearts Publishing,yes,https://www.braveheartspublishing.com/how-stories-build-resilience-in-children/,yes,REDIRECT,"Verified same slug, matching title intent, published WordPress post"
https://www.braveheartspublishing.com/blog/why-stem-storytelling-builds-braver-kids,Blog post,"Why STEM Storytelling Builds Braver, More Curious Kids (Ages 6–9) — Brave Hearts Publishing",yes,https://www.braveheartspublishing.com/why-stem-storytelling-builds-braver-kids/,yes,REDIRECT,"Verified same slug, matching title intent, published WordPress post"
https://www.braveheartspublishing.com/blog,Meaningful page/hub,"Bridge Books, Reading Tips & Kids Adventure Books | Brave Hearts Publishing Blog — Brave Hearts Publishing",yes,https://www.braveheartspublishing.com/blog/,no,UNCHANGED,Clear public page with a direct WordPress equivalent
https://www.braveheartspublishing.com/home,Meaningful page/hub,Brave Hearts Publishing | Bridge Books for Kids Ages 6–9,yes,https://www.braveheartspublishing.com/,yes,REDIRECT,Clear public page with a direct WordPress equivalent
https://www.braveheartspublishing.com/contact,Meaningful page/hub,Contact Brave Hearts Publishing | Author Inquiries & School Visits — Brave Hearts Publishing,yes,https://www.braveheartspublishing.com/contact/,no,UNCHANGED,Clear public page with a direct WordPress equivalent
https://www.braveheartspublishing.com/books,Meaningful page/hub,Adventures of Charlotte & Henry — Bridge Books for Kids Ages 6–9 — Brave Hearts Publishing,yes,https://www.braveheartspublishing.com/books/,no,UNCHANGED,Clear public page with a direct WordPress equivalent
https://www.braveheartspublishing.com/teachers,Meaningful page/hub,Free Teacher's Guide | Adventures of Charlotte and Henry: The Mariana Trench — Brave Hearts Publishing,yes,https://www.braveheartspublishing.com/teachers/,no,UNCHANGED,Clear public page with a direct WordPress equivalent
https://www.braveheartspublishing.com/bridge-books,Meaningful page/hub,Bridge Books for Kids Ages 6–9 | The Parent's Complete Guide — Brave Hearts Publishing,yes,https://www.braveheartspublishing.com/bridge-books/,no,UNCHANGED,Clear public page with a direct WordPress equivalent
https://www.braveheartspublishing.com/reading-levels,Meaningful page/hub,Reading Levels & Lexile Scores — A Parent's Plain-English Guide — Brave Hearts Publishing,yes,https://www.braveheartspublishing.com/reading-levels/,no,UNCHANGED,Clear public page with a direct WordPress equivalent
https://www.braveheartspublishing.com/mariana-trench,Meaningful page/hub,"Mariana Trench & Ocean Science for Kids — Facts, Books & Adventures — Brave Hearts Publishing",yes,https://www.braveheartspublishing.com/mariana-trench/,no,UNCHANGED,Clear public page with a direct WordPress equivalent
https://www.braveheartspublishing.com/reluctant-readers,Meaningful page/hub,My Child Hates Reading — What Actually Works | Brave Hearts Publishing — Brave Hearts Publishing,yes,https://www.braveheartspublishing.com/reluctant-readers/,no,UNCHANGED,Clear public page with a direct WordPress equivalent
https://www.braveheartspublishing.com/read-alouds,Meaningful page/hub,Best Read-Aloud Books for Grades 1–3 | Brave Hearts Publishing — Brave Hearts Publishing,yes,https://www.braveheartspublishing.com/read-alouds/,no,UNCHANGED,Clear public page with a direct WordPress equivalent
https://www.braveheartspublishing.com/store,Meaningful page/hub,Store 2 — Brave Hearts Publishing,yes,https://www.braveheartspublishing.com/shop/,yes,REDIRECT,Clear public page with a direct WordPress equivalent
https://images.squarespace-cdn.com/content/v1/69a4852e7db0bc7e34bc3354/3e53f823-cbcb-4d24-a614-330be2720b3a/Call+out+-+600+px_upscayl_3x_upscayl-standard-4x.png,Squarespace generated/irrelevant legacy URL,,no,,,IGNORE_LEGACY_NOISE,Owner-approved: no import and no redirect
https://www.braveheartspublishing.com/blog/category/Reluctant+Readers,Squarespace generated/irrelevant legacy URL,"Reluctant Readers — Bridge Books, Reading Tips & Kids Adventure Books | Brave Hearts Publishing Blog — Brave Hearts Publishing",no,,,IGNORE_LEGACY_NOISE,Owner-approved: no import and no redirect
https://www.braveheartspublishing.com/blog/category/science+for+kids,Squarespace generated/irrelevant legacy URL,"science for kids — Bridge Books, Reading Tips & Kids Adventure Books | Brave Hearts Publishing Blog — Brave Hearts Publishing",no,,,IGNORE_LEGACY_NOISE,Owner-approved: no import and no redirect
https://www.braveheartspublishing.com/blog/category/Early+Readers,Squarespace generated/irrelevant legacy URL,"Early Readers — Bridge Books, Reading Tips & Kids Adventure Books | Brave Hearts Publishing Blog — Brave Hearts Publishing",no,,,IGNORE_LEGACY_NOISE,Owner-approved: no import and no redirect
https://www.braveheartspublishing.com/blog/category/Reading+Tips+for+Parents,Squarespace generated/irrelevant legacy URL,"Reading Tips for Parents — Bridge Books, Reading Tips & Kids Adventure Books | Brave Hearts Publishing Blog — Brave Hearts Publishing",no,,,IGNORE_LEGACY_NOISE,Owner-approved: no import and no redirect
https://www.braveheartspublishing.com/blog/category/Adventure+Book+Recommendations,Squarespace generated/irrelevant legacy URL,"Adventure Book Recommendations — Bridge Books, Reading Tips & Kids Adventure Books | Brave Hearts Publishing Blog — Brave Hearts Publishing",no,,,IGNORE_LEGACY_NOISE,Owner-approved: no import and no redirect
https://www.braveheartspublishing.com/blog/category/Ocean+Science,Squarespace generated/irrelevant legacy URL,"Ocean Science — Bridge Books, Reading Tips & Kids Adventure Books | Brave Hearts Publishing Blog — Brave Hearts Publishing",no,,,IGNORE_LEGACY_NOISE,Owner-approved: no import and no redirect
https://www.braveheartspublishing.com/blog/category/Bridge+Books,Squarespace generated/irrelevant legacy URL,"Bridge Books — Bridge Books, Reading Tips & Kids Adventure Books | Brave Hearts Publishing Blog — Brave Hearts Publishing",no,,,IGNORE_LEGACY_NOISE,Owner-approved: no import and no redirect
https://www.braveheartspublishing.com/blog/category/Author+Life,Squarespace generated/irrelevant legacy URL,"Author Life — Bridge Books, Reading Tips & Kids Adventure Books | Brave Hearts Publishing Blog — Brave Hearts Publishing",no,,,IGNORE_LEGACY_NOISE,Owner-approved: no import and no redirect
https://www.braveheartspublishing.com/blog/category/The+Mariana+Trench,Squarespace generated/irrelevant legacy URL,"The Mariana Trench — Bridge Books, Reading Tips & Kids Adventure Books | Brave Hearts Publishing Blog — Brave Hearts Publishing",no,,,IGNORE_LEGACY_NOISE,Owner-approved: no import and no redirect
https://www.braveheartspublishing.com/blog/category/Reading+Development,Squarespace generated/irrelevant legacy URL,"Reading Development — Bridge Books, Reading Tips & Kids Adventure Books | Brave Hearts Publishing Blog — Brave Hearts Publishing",no,,,IGNORE_LEGACY_NOISE,Owner-approved: no import and no redirect
https://www.braveheartspublishing.com/blog/category/Reading+Lists,Squarespace generated/irrelevant legacy URL,"Reading Lists — Bridge Books, Reading Tips & Kids Adventure Books | Brave Hearts Publishing Blog — Brave Hearts Publishing",no,,,IGNORE_LEGACY_NOISE,Owner-approved: no import and no redirect
https://www.braveheartspublishing.com/blog/category/Read+alouds,Squarespace generated/irrelevant legacy URL,"Read alouds — Bridge Books, Reading Tips & Kids Adventure Books | Brave Hearts Publishing Blog — Brave Hearts Publishing",no,,,IGNORE_LEGACY_NOISE,Owner-approved: no import and no redirect
https://www.braveheartspublishing.com/blog/category/Age-Specific+Reading+Lists,Squarespace generated/irrelevant legacy URL,"Age-Specific Reading Lists — Bridge Books, Reading Tips & Kids Adventure Books | Brave Hearts Publishing Blog — Brave Hearts Publishing",no,,,IGNORE_LEGACY_NOISE,Owner-approved: no import and no redirect
https://www.braveheartspublishing.com/blog/category/Summer+Reading,Squarespace generated/irrelevant legacy URL,"Summer Reading — Bridge Books, Reading Tips & Kids Adventure Books | Brave Hearts Publishing Blog — Brave Hearts Publishing",no,,,IGNORE_LEGACY_NOISE,Owner-approved: no import and no redirect
https://www.braveheartspublishing.com/blog/category/Teacher+Resources,Squarespace generated/irrelevant legacy URL,"Teacher Resources — Bridge Books, Reading Tips & Kids Adventure Books | Brave Hearts Publishing Blog — Brave Hearts Publishing",no,,,IGNORE_LEGACY_NOISE,Owner-approved: no import and no redirect
https://www.braveheartspublishing.com/blog/category/children%27s+books,Squarespace generated/irrelevant legacy URL,"children's books — Bridge Books, Reading Tips & Kids Adventure Books | Brave Hearts Publishing Blog — Brave Hearts Publishing",no,,,IGNORE_LEGACY_NOISE,Owner-approved: no import and no redirect
https://www.braveheartspublishing.com/blog/category/Adventure,Squarespace generated/irrelevant legacy URL,"Adventure — Bridge Books, Reading Tips & Kids Adventure Books | Brave Hearts Publishing Blog — Brave Hearts Publishing",no,,,IGNORE_LEGACY_NOISE,Owner-approved: no import and no redirect
https://www.braveheartspublishing.com/blog/category/Classroom+Resources,Squarespace generated/irrelevant legacy URL,"Classroom Resources — Bridge Books, Reading Tips & Kids Adventure Books | Brave Hearts Publishing Blog — Brave Hearts Publishing",no,,,IGNORE_LEGACY_NOISE,Owner-approved: no import and no redirect
https://www.braveheartspublishing.com/blog/category/Reading+Tips,Squarespace generated/irrelevant legacy URL,"Reading Tips — Bridge Books, Reading Tips & Kids Adventure Books | Brave Hearts Publishing Blog — Brave Hearts Publishing",no,,,IGNORE_LEGACY_NOISE,Owner-approved: no import and no redirect
https://www.braveheartspublishing.com/blog/category/Book+recommendations,Squarespace generated/irrelevant legacy URL,"Book recommendations — Bridge Books, Reading Tips & Kids Adventure Books | Brave Hearts Publishing Blog — Brave Hearts Publishing",no,,,IGNORE_LEGACY_NOISE,Owner-approved: no import and no redirect
https://www.braveheartspublishing.com/blog/category/STEM,Squarespace generated/irrelevant legacy URL,"STEM — Bridge Books, Reading Tips & Kids Adventure Books | Brave Hearts Publishing Blog — Brave Hearts Publishing",no,,,IGNORE_LEGACY_NOISE,Owner-approved: no import and no redirect
https://www.braveheartspublishing.com/blog/category/Reading+Levels+%26+Lexile,Squarespace generated/irrelevant legacy URL,"Reading Levels & Lexile — Bridge Books, Reading Tips & Kids Adventure Books | Brave Hearts Publishing Blog — Brave Hearts Publishing",no,,,IGNORE_LEGACY_NOISE,Owner-approved: no import and no redirect
https://www.braveheartspublishing.com/blog/category/Reading+Help+for+Parents,Squarespace generated/irrelevant legacy URL,"Reading Help for Parents — Bridge Books, Reading Tips & Kids Adventure Books | Brave Hearts Publishing Blog — Brave Hearts Publishing",no,,,IGNORE_LEGACY_NOISE,Owner-approved: no import and no redirect
https://www.braveheartspublishing.com/blog/category/Book+News,Squarespace generated/irrelevant legacy URL,"Book News — Bridge Books, Reading Tips & Kids Adventure Books | Brave Hearts Publishing Blog — Brave Hearts Publishing",no,,,IGNORE_LEGACY_NOISE,Owner-approved: no import and no redirect
https://www.braveheartspublishing.com/blog/category/Books+for+Kids,Squarespace generated/irrelevant legacy URL,"Books for Kids — Bridge Books, Reading Tips & Kids Adventure Books | Brave Hearts Publishing Blog — Brave Hearts Publishing",no,,,IGNORE_LEGACY_NOISE,Owner-approved: no import and no redirect
https://www.braveheartspublishing.com/blog/category/Ages+6-9,Squarespace generated/irrelevant legacy URL,"Ages 6-9 — Bridge Books, Reading Tips & Kids Adventure Books | Brave Hearts Publishing Blog — Brave Hearts Publishing",no,,,IGNORE_LEGACY_NOISE,Owner-approved: no import and no redirect
https://www.braveheartspublishing.com/blog/tag/Read+aloud+books,Squarespace generated/irrelevant legacy URL,"Read aloud books — Bridge Books, Reading Tips & Kids Adventure Books | Brave Hearts Publishing Blog — Brave Hearts Publishing",no,,,IGNORE_LEGACY_NOISE,Owner-approved: no import and no redirect
https://www.braveheartspublishing.com/blog/tag/early+readers+ages+6-9,Squarespace generated/irrelevant legacy URL,"early readers ages 6-9 — Bridge Books, Reading Tips & Kids Adventure Books | Brave Hearts Publishing Blog — Brave Hearts Publishing",no,,,IGNORE_LEGACY_NOISE,Owner-approved: no import and no redirect
https://www.braveheartspublishing.com/blog/tag/Deep+sea,Squarespace generated/irrelevant legacy URL,"Deep sea — Bridge Books, Reading Tips & Kids Adventure Books | Brave Hearts Publishing Blog — Brave Hearts Publishing",no,,,IGNORE_LEGACY_NOISE,Owner-approved: no import and no redirect
https://www.braveheartspublishing.com/blog/tag/marine+science,Squarespace generated/irrelevant legacy URL,"marine science — Bridge Books, Reading Tips & Kids Adventure Books | Brave Hearts Publishing Blog — Brave Hearts Publishing",no,,,IGNORE_LEGACY_NOISE,Owner-approved: no import and no redirect
https://www.braveheartspublishing.com/blog/tag/Mariana+Trench,Squarespace generated/irrelevant legacy URL,"Mariana Trench — Bridge Books, Reading Tips & Kids Adventure Books | Brave Hearts Publishing Blog — Brave Hearts Publishing",no,,,IGNORE_LEGACY_NOISE,Owner-approved: no import and no redirect
https://www.braveheartspublishing.com/blog/tag/bridge+books,Squarespace generated/irrelevant legacy URL,"bridge books — Bridge Books, Reading Tips & Kids Adventure Books | Brave Hearts Publishing Blog — Brave Hearts Publishing",no,,,IGNORE_LEGACY_NOISE,Owner-approved: no import and no redirect
https://www.braveheartspublishing.com/blog/tag/reading+level,Squarespace generated/irrelevant legacy URL,"reading level — Bridge Books, Reading Tips & Kids Adventure Books | Brave Hearts Publishing Blog — Brave Hearts Publishing",no,,,IGNORE_LEGACY_NOISE,Owner-approved: no import and no redirect
https://www.braveheartspublishing.com/blog/tag/reading+help+ages+6-9,Squarespace generated/irrelevant legacy URL,"reading help ages 6-9 — Bridge Books, Reading Tips & Kids Adventure Books | Brave Hearts Publishing Blog — Brave Hearts Publishing",no,,,IGNORE_LEGACY_NOISE,Owner-approved: no import and no redirect
https://www.braveheartspublishing.com/blog/tag/books+for+first+graders,Squarespace generated/irrelevant legacy URL,"books for first graders — Bridge Books, Reading Tips & Kids Adventure Books | Brave Hearts Publishing Blog — Brave Hearts Publishing",no,,,IGNORE_LEGACY_NOISE,Owner-approved: no import and no redirect
https://www.braveheartspublishing.com/blog/tag/reading+help+for+parents,Squarespace generated/irrelevant legacy URL,"reading help for parents — Bridge Books, Reading Tips & Kids Adventure Books | Brave Hearts Publishing Blog — Brave Hearts Publishing",no,,,IGNORE_LEGACY_NOISE,Owner-approved: no import and no redirect
https://www.braveheartspublishing.com/blog/tag/Bridge+Books,Squarespace generated/irrelevant legacy URL,"Bridge Books — Bridge Books, Reading Tips & Kids Adventure Books | Brave Hearts Publishing Blog — Brave Hearts Publishing",no,,,IGNORE_LEGACY_NOISE,Owner-approved: no import and no redirect
https://www.braveheartspublishing.com/blog/tag/summer+books+for+kids,Squarespace generated/irrelevant legacy URL,"summer books for kids — Bridge Books, Reading Tips & Kids Adventure Books | Brave Hearts Publishing Blog — Brave Hearts Publishing",no,,,IGNORE_LEGACY_NOISE,Owner-approved: no import and no redirect
https://www.braveheartspublishing.com/blog/tag/picture+books+to+chapter+books,Squarespace generated/irrelevant legacy URL,"picture books to chapter books — Bridge Books, Reading Tips & Kids Adventure Books | Brave Hearts Publishing Blog — Brave Hearts Publishing",no,,,IGNORE_LEGACY_NOISE,Owner-approved: no import and no redirect
https://www.braveheartspublishing.com/blog/tag/Summer+Reading+List,Squarespace generated/irrelevant legacy URL,"Summer Reading List — Bridge Books, Reading Tips & Kids Adventure Books | Brave Hearts Publishing Blog — Brave Hearts Publishing",no,,,IGNORE_LEGACY_NOISE,Owner-approved: no import and no redirect
https://www.braveheartspublishing.com/blog/tag/Adventures+of+Charlotte+and+Henry,Squarespace generated/irrelevant legacy URL,"Adventures of Charlotte and Henry — Bridge Books, Reading Tips & Kids Adventure Books | Brave Hearts Publishing Blog — Brave Hearts Publishing",no,,,IGNORE_LEGACY_NOISE,Owner-approved: no import and no redirect
https://www.braveheartspublishing.com/blog/tag/Lexile+score,Squarespace generated/irrelevant legacy URL,"Lexile score — Bridge Books, Reading Tips & Kids Adventure Books | Brave Hearts Publishing Blog — Brave Hearts Publishing",no,,,IGNORE_LEGACY_NOISE,Owner-approved: no import and no redirect
https://www.braveheartspublishing.com/blog/tag/geography+for+kids,Squarespace generated/irrelevant legacy URL,"geography for kids — Bridge Books, Reading Tips & Kids Adventure Books | Brave Hearts Publishing Blog — Brave Hearts Publishing",no,,,IGNORE_LEGACY_NOISE,Owner-approved: no import and no redirect
https://www.braveheartspublishing.com/blog/tag/Summer+Reading,Squarespace generated/irrelevant legacy URL,"Summer Reading — Bridge Books, Reading Tips & Kids Adventure Books | Brave Hearts Publishing Blog — Brave Hearts Publishing",no,,,IGNORE_LEGACY_NOISE,Owner-approved: no import and no redirect
https://www.braveheartspublishing.com/blog/tag/sea+books+for+kids,Squarespace generated/irrelevant legacy URL,"sea books for kids — Bridge Books, Reading Tips & Kids Adventure Books | Brave Hearts Publishing Blog — Brave Hearts Publishing",no,,,IGNORE_LEGACY_NOISE,Owner-approved: no import and no redirect
https://www.braveheartspublishing.com/blog/tag/elementary+teacher,Squarespace generated/irrelevant legacy URL,"elementary teacher — Bridge Books, Reading Tips & Kids Adventure Books | Brave Hearts Publishing Blog — Brave Hearts Publishing",no,,,IGNORE_LEGACY_NOISE,Owner-approved: no import and no redirect
https://www.braveheartspublishing.com/blog/tag/ages+6-9,Squarespace generated/irrelevant legacy URL,"ages 6-9 — Bridge Books, Reading Tips & Kids Adventure Books | Brave Hearts Publishing Blog — Brave Hearts Publishing",no,,,IGNORE_LEGACY_NOISE,Owner-approved: no import and no redirect
https://www.braveheartspublishing.com/blog/tag/bridge+books+for+kids,Squarespace generated/irrelevant legacy URL,"bridge books for kids — Bridge Books, Reading Tips & Kids Adventure Books | Brave Hearts Publishing Blog — Brave Hearts Publishing",no,,,IGNORE_LEGACY_NOISE,Owner-approved: no import and no redirect
https://www.braveheartspublishing.com/blog/tag/reading+confidence,Squarespace generated/irrelevant legacy URL,"reading confidence — Bridge Books, Reading Tips & Kids Adventure Books | Brave Hearts Publishing Blog — Brave Hearts Publishing",no,,,IGNORE_LEGACY_NOISE,Owner-approved: no import and no redirect
https://www.braveheartspublishing.com/blog/tag/Reading+Tips,Squarespace generated/irrelevant legacy URL,"Reading Tips — Bridge Books, Reading Tips & Kids Adventure Books | Brave Hearts Publishing Blog — Brave Hearts Publishing",no,,,IGNORE_LEGACY_NOISE,Owner-approved: no import and no redirect
https://www.braveheartspublishing.com/blog/tag/Andrew+Signore,Squarespace generated/irrelevant legacy URL,"Andrew Signore — Bridge Books, Reading Tips & Kids Adventure Books | Brave Hearts Publishing Blog — Brave Hearts Publishing",no,,,IGNORE_LEGACY_NOISE,Owner-approved: no import and no redirect
https://www.braveheartspublishing.com/blog/tag/Children%27s+Book+Author,Squarespace generated/irrelevant legacy URL,"Children's Book Author — Bridge Books, Reading Tips & Kids Adventure Books | Brave Hearts Publishing Blog — Brave Hearts Publishing",no,,,IGNORE_LEGACY_NOISE,Owner-approved: no import and no redirect
https://www.braveheartspublishing.com/blog/tag/read+aloud+for+kids,Squarespace generated/irrelevant legacy URL,"read aloud for kids — Bridge Books, Reading Tips & Kids Adventure Books | Brave Hearts Publishing Blog — Brave Hearts Publishing",no,,,IGNORE_LEGACY_NOISE,Owner-approved: no import and no redirect
https://www.braveheartspublishing.com/blog/tag/reading+motivation,Squarespace generated/irrelevant legacy URL,"reading motivation — Bridge Books, Reading Tips & Kids Adventure Books | Brave Hearts Publishing Blog — Brave Hearts Publishing",no,,,IGNORE_LEGACY_NOISE,Owner-approved: no import and no redirect
https://www.braveheartspublishing.com/blog/tag/reading+development,Squarespace generated/irrelevant legacy URL,"reading development — Bridge Books, Reading Tips & Kids Adventure Books | Brave Hearts Publishing Blog — Brave Hearts Publishing",no,,,IGNORE_LEGACY_NOISE,Owner-approved: no import and no redirect
https://www.braveheartspublishing.com/blog/tag/facts+for+kids,Squarespace generated/irrelevant legacy URL,"facts for kids — Bridge Books, Reading Tips & Kids Adventure Books | Brave Hearts Publishing Blog — Brave Hearts Publishing",no,,,IGNORE_LEGACY_NOISE,Owner-approved: no import and no redirect
https://www.braveheartspublishing.com/blog/tag/read+aloud,Squarespace generated/irrelevant legacy URL,"read aloud — Bridge Books, Reading Tips & Kids Adventure Books | Brave Hearts Publishing Blog — Brave Hearts Publishing",no,,,IGNORE_LEGACY_NOISE,Owner-approved: no import and no redirect
https://www.braveheartspublishing.com/blog/tag/kids+who+love+graphic+novels,Squarespace generated/irrelevant legacy URL,"kids who love graphic novels — Bridge Books, Reading Tips & Kids Adventure Books | Brave Hearts Publishing Blog — Brave Hearts Publishing",no,,,IGNORE_LEGACY_NOISE,Owner-approved: no import and no redirect
https://www.braveheartspublishing.com/blog/tag/struggling+readers,Squarespace generated/irrelevant legacy URL,"struggling readers — Bridge Books, Reading Tips & Kids Adventure Books | Brave Hearts Publishing Blog — Brave Hearts Publishing",no,,,IGNORE_LEGACY_NOISE,Owner-approved: no import and no redirect
https://www.braveheartspublishing.com/blog/tag/best+read+aloud+books,Squarespace generated/irrelevant legacy URL,"best read aloud books — Bridge Books, Reading Tips & Kids Adventure Books | Brave Hearts Publishing Blog — Brave Hearts Publishing",no,,,IGNORE_LEGACY_NOISE,Owner-approved: no import and no redirect
https://www.braveheartspublishing.com/blog/tag/best+kids+books,Squarespace generated/irrelevant legacy URL,"best kids books — Bridge Books, Reading Tips & Kids Adventure Books | Brave Hearts Publishing Blog — Brave Hearts Publishing",no,,,IGNORE_LEGACY_NOISE,Owner-approved: no import and no redirect
https://www.braveheartspublishing.com/blog/tag/summer+slide,Squarespace generated/irrelevant legacy URL,"summer slide — Bridge Books, Reading Tips & Kids Adventure Books | Brave Hearts Publishing Blog — Brave Hearts Publishing",no,,,IGNORE_LEGACY_NOISE,Owner-approved: no import and no redirect
https://www.braveheartspublishing.com/blog/tag/7+year+old+books,Squarespace generated/irrelevant legacy URL,"7 year old books — Bridge Books, Reading Tips & Kids Adventure Books | Brave Hearts Publishing Blog — Brave Hearts Publishing",no,,,IGNORE_LEGACY_NOISE,Owner-approved: no import and no redirect
https://www.braveheartspublishing.com/blog/tag/Kids+reading+level,Squarespace generated/irrelevant legacy URL,"Kids reading level — Bridge Books, Reading Tips & Kids Adventure Books | Brave Hearts Publishing Blog — Brave Hearts Publishing",no,,,IGNORE_LEGACY_NOISE,Owner-approved: no import and no redirect
https://www.braveheartspublishing.com/blog/tag/next+step+after+graphic+novels,Squarespace generated/irrelevant legacy URL,"next step after graphic novels — Bridge Books, Reading Tips & Kids Adventure Books | Brave Hearts Publishing Blog — Brave Hearts Publishing",no,,,IGNORE_LEGACY_NOISE,Owner-approved: no import and no redirect
https://www.braveheartspublishing.com/blog/tag/Ages+6-9,Squarespace generated/irrelevant legacy URL,"Ages 6-9 — Bridge Books, Reading Tips & Kids Adventure Books | Brave Hearts Publishing Blog — Brave Hearts Publishing",no,,,IGNORE_LEGACY_NOISE,Owner-approved: no import and no redirect
https://www.braveheartspublishing.com/blog/tag/funny+books+for+kids,Squarespace generated/irrelevant legacy URL,"funny books for kids — Bridge Books, Reading Tips & Kids Adventure Books | Brave Hearts Publishing Blog — Brave Hearts Publishing",no,,,IGNORE_LEGACY_NOISE,Owner-approved: no import and no redirect
https://www.braveheartspublishing.com/blog/tag/reading+progression+kids,Squarespace generated/irrelevant legacy URL,"reading progression kids — Bridge Books, Reading Tips & Kids Adventure Books | Brave Hearts Publishing Blog — Brave Hearts Publishing",no,,,IGNORE_LEGACY_NOISE,Owner-approved: no import and no redirect
https://www.braveheartspublishing.com/blog/tag/science+books+for+kids,Squarespace generated/irrelevant legacy URL,"science books for kids — Bridge Books, Reading Tips & Kids Adventure Books | Brave Hearts Publishing Blog — Brave Hearts Publishing",no,,,IGNORE_LEGACY_NOISE,Owner-approved: no import and no redirect
https://www.braveheartspublishing.com/blog/tag/classroom+resources,Squarespace generated/irrelevant legacy URL,"classroom resources — Bridge Books, Reading Tips & Kids Adventure Books | Brave Hearts Publishing Blog — Brave Hearts Publishing",no,,,IGNORE_LEGACY_NOISE,Owner-approved: no import and no redirect
https://www.braveheartspublishing.com/blog/tag/kids+science,Squarespace generated/irrelevant legacy URL,"kids science — Bridge Books, Reading Tips & Kids Adventure Books | Brave Hearts Publishing Blog — Brave Hearts Publishing",no,,,IGNORE_LEGACY_NOISE,Owner-approved: no import and no redirect
https://www.braveheartspublishing.com/blog/tag/reluctant+readers,Squarespace generated/irrelevant legacy URL,"reluctant readers — Bridge Books, Reading Tips & Kids Adventure Books | Brave Hearts Publishing Blog — Brave Hearts Publishing",no,,,IGNORE_LEGACY_NOISE,Owner-approved: no import and no redirect
https://www.braveheartspublishing.com/blog/tag/books+for+7+year+olds,Squarespace generated/irrelevant legacy URL,"books for 7 year olds — Bridge Books, Reading Tips & Kids Adventure Books | Brave Hearts Publishing Blog — Brave Hearts Publishing",no,,,IGNORE_LEGACY_NOISE,Owner-approved: no import and no redirect
https://www.braveheartspublishing.com/blog/tag/graphic+novels+for+kids,Squarespace generated/irrelevant legacy URL,"graphic novels for kids — Bridge Books, Reading Tips & Kids Adventure Books | Brave Hearts Publishing Blog — Brave Hearts Publishing",no,,,IGNORE_LEGACY_NOISE,Owner-approved: no import and no redirect
https://www.braveheartspublishing.com/blog/tag/kids+books+age+7,Squarespace generated/irrelevant legacy URL,"kids books age 7 — Bridge Books, Reading Tips & Kids Adventure Books | Brave Hearts Publishing Blog — Brave Hearts Publishing",no,,,IGNORE_LEGACY_NOISE,Owner-approved: no import and no redirect
https://www.braveheartspublishing.com/blog/tag/Brave+Hearts+Publishing,Squarespace generated/irrelevant legacy URL,"Brave Hearts Publishing — Bridge Books, Reading Tips & Kids Adventure Books | Brave Hearts Publishing Blog — Brave Hearts Publishing",no,,,IGNORE_LEGACY_NOISE,Owner-approved: no import and no redirect
https://www.braveheartspublishing.com/blog/tag/Kirkus+Review,Squarespace generated/irrelevant legacy URL,"Kirkus Review — Bridge Books, Reading Tips & Kids Adventure Books | Brave Hearts Publishing Blog — Brave Hearts Publishing",no,,,IGNORE_LEGACY_NOISE,Owner-approved: no import and no redirect
https://www.braveheartspublishing.com/blog/tag/early+chapter+books,Squarespace generated/irrelevant legacy URL,"early chapter books — Bridge Books, Reading Tips & Kids Adventure Books | Brave Hearts Publishing Blog — Brave Hearts Publishing",no,,,IGNORE_LEGACY_NOISE,Owner-approved: no import and no redirect
https://www.braveheartspublishing.com/blog/tag/reading+levels+chart,Squarespace generated/irrelevant legacy URL,"reading levels chart — Bridge Books, Reading Tips & Kids Adventure Books | Brave Hearts Publishing Blog — Brave Hearts Publishing",no,,,IGNORE_LEGACY_NOISE,Owner-approved: no import and no redirect
https://www.braveheartspublishing.com/blog/tag/kids+reading+help,Squarespace generated/irrelevant legacy URL,"kids reading help — Bridge Books, Reading Tips & Kids Adventure Books | Brave Hearts Publishing Blog — Brave Hearts Publishing",no,,,IGNORE_LEGACY_NOISE,Owner-approved: no import and no redirect
https://www.braveheartspublishing.com/blog/tag/lexile+explained,Squarespace generated/irrelevant legacy URL,"lexile explained — Bridge Books, Reading Tips & Kids Adventure Books | Brave Hearts Publishing Blog — Brave Hearts Publishing",no,,,IGNORE_LEGACY_NOISE,Owner-approved: no import and no redirect
https://www.braveheartspublishing.com/blog/tag/Why+I+wrote+this+book,Squarespace generated/irrelevant legacy URL,"Why I wrote this book — Bridge Books, Reading Tips & Kids Adventure Books | Brave Hearts Publishing Blog — Brave Hearts Publishing",no,,,IGNORE_LEGACY_NOISE,Owner-approved: no import and no redirect
https://www.braveheartspublishing.com/blog/tag/best+books+for+7+year+olds,Squarespace generated/irrelevant legacy URL,"best books for 7 year olds — Bridge Books, Reading Tips & Kids Adventure Books | Brave Hearts Publishing Blog — Brave Hearts Publishing",no,,,IGNORE_LEGACY_NOISE,Owner-approved: no import and no redirect
https://www.braveheartspublishing.com/blog/tag/how+to+use+lexile+score,Squarespace generated/irrelevant legacy URL,"how to use lexile score — Bridge Books, Reading Tips & Kids Adventure Books | Brave Hearts Publishing Blog — Brave Hearts Publishing",no,,,IGNORE_LEGACY_NOISE,Owner-approved: no import and no redirect
https://www.braveheartspublishing.com/blog/tag/find+books+by+lexile+level,Squarespace generated/irrelevant legacy URL,"find books by lexile level — Bridge Books, Reading Tips & Kids Adventure Books | Brave Hearts Publishing Blog — Brave Hearts Publishing",no,,,IGNORE_LEGACY_NOISE,Owner-approved: no import and no redirect
https://www.braveheartspublishing.com/blog/tag/books+for+second+graders,Squarespace generated/irrelevant legacy URL,"books for second graders — Bridge Books, Reading Tips & Kids Adventure Books | Brave Hearts Publishing Blog — Brave Hearts Publishing",no,,,IGNORE_LEGACY_NOISE,Owner-approved: no import and no redirect
https://www.braveheartspublishing.com/blog/tag/lexile+score+by+grade+level,Squarespace generated/irrelevant legacy URL,"lexile score by grade level — Bridge Books, Reading Tips & Kids Adventure Books | Brave Hearts Publishing Blog — Brave Hearts Publishing",no,,,IGNORE_LEGACY_NOISE,Owner-approved: no import and no redirect
https://www.braveheartspublishing.com/blog/tag/reading+roadmap,Squarespace generated/irrelevant legacy URL,"reading roadmap — Bridge Books, Reading Tips & Kids Adventure Books | Brave Hearts Publishing Blog — Brave Hearts Publishing",no,,,IGNORE_LEGACY_NOISE,Owner-approved: no import and no redirect
https://www.braveheartspublishing.com/blog/tag/bridge+books+from+graphic+novels,Squarespace generated/irrelevant legacy URL,"bridge books from graphic novels — Bridge Books, Reading Tips & Kids Adventure Books | Brave Hearts Publishing Blog — Brave Hearts Publishing",no,,,IGNORE_LEGACY_NOISE,Owner-approved: no import and no redirect
https://www.braveheartspublishing.com/blog/tag/kids+books,Squarespace generated/irrelevant legacy URL,"kids books — Bridge Books, Reading Tips & Kids Adventure Books | Brave Hearts Publishing Blog — Brave Hearts Publishing",no,,,IGNORE_LEGACY_NOISE,Owner-approved: no import and no redirect
https://www.braveheartspublishing.com/blog/tag/elementary+classroom,Squarespace generated/irrelevant legacy URL,"elementary classroom — Bridge Books, Reading Tips & Kids Adventure Books | Brave Hearts Publishing Blog — Brave Hearts Publishing",no,,,IGNORE_LEGACY_NOISE,Owner-approved: no import and no redirect
https://www.braveheartspublishing.com/blog/tag/chapter+books+for+kids,Squarespace generated/irrelevant legacy URL,"chapter books for kids — Bridge Books, Reading Tips & Kids Adventure Books | Brave Hearts Publishing Blog — Brave Hearts Publishing",no,,,IGNORE_LEGACY_NOISE,Owner-approved: no import and no redirect
https://www.braveheartspublishing.com/blog/tag/chapter+books+for+beginners,Squarespace generated/irrelevant legacy URL,"chapter books for beginners — Bridge Books, Reading Tips & Kids Adventure Books | Brave Hearts Publishing Blog — Brave Hearts Publishing",no,,,IGNORE_LEGACY_NOISE,Owner-approved: no import and no redirect
https://www.braveheartspublishing.com/blog/tag/magic+tree+house+alternatives,Squarespace generated/irrelevant legacy URL,"magic tree house alternatives — Bridge Books, Reading Tips & Kids Adventure Books | Brave Hearts Publishing Blog — Brave Hearts Publishing",no,,,IGNORE_LEGACY_NOISE,Owner-approved: no import and no redirect
https://www.braveheartspublishing.com/blog/tag/gap+between+picture+books+and+chapter+books,Squarespace generated/irrelevant legacy URL,"gap between picture books and chapter books — Bridge Books, Reading Tips & Kids Adventure Books | Brave Hearts Publishing Blog — Brave Hearts Publishing",no,,,IGNORE_LEGACY_NOISE,Owner-approved: no import and no redirect
https://www.braveheartspublishing.com/blog/tag/Ocean+Facts,Squarespace generated/irrelevant legacy URL,"Ocean Facts — Bridge Books, Reading Tips & Kids Adventure Books | Brave Hearts Publishing Blog — Brave Hearts Publishing",no,,,IGNORE_LEGACY_NOISE,Owner-approved: no import and no redirect
https://www.braveheartspublishing.com/blog/tag/classroom+read+aloud,Squarespace generated/irrelevant legacy URL,"classroom read aloud — Bridge Books, Reading Tips & Kids Adventure Books | Brave Hearts Publishing Blog — Brave Hearts Publishing",no,,,IGNORE_LEGACY_NOISE,Owner-approved: no import and no redirect
https://www.braveheartspublishing.com/blog/tag/science+books+for+8+year+olds,Squarespace generated/irrelevant legacy URL,"science books for 8 year olds — Bridge Books, Reading Tips & Kids Adventure Books | Brave Hearts Publishing Blog — Brave Hearts Publishing",no,,,IGNORE_LEGACY_NOISE,Owner-approved: no import and no redirect
https://www.braveheartspublishing.com/blog/tag/stem+books,Squarespace generated/irrelevant legacy URL,"stem books — Bridge Books, Reading Tips & Kids Adventure Books | Brave Hearts Publishing Blog — Brave Hearts Publishing",no,,,IGNORE_LEGACY_NOISE,Owner-approved: no import and no redirect
https://www.braveheartspublishing.com/blog/tag/books+like+dog+man,Squarespace generated/irrelevant legacy URL,"books like dog man — Bridge Books, Reading Tips & Kids Adventure Books | Brave Hearts Publishing Blog — Brave Hearts Publishing",no,,,IGNORE_LEGACY_NOISE,Owner-approved: no import and no redirect
https://www.braveheartspublishing.com/blog/tag/ocean+books+for+kids,Squarespace generated/irrelevant legacy URL,"ocean books for kids — Bridge Books, Reading Tips & Kids Adventure Books | Brave Hearts Publishing Blog — Brave Hearts Publishing",no,,,IGNORE_LEGACY_NOISE,Owner-approved: no import and no redirect
https://www.braveheartspublishing.com/blog/tag/Early+Readers,Squarespace generated/irrelevant legacy URL,"Early Readers — Bridge Books, Reading Tips & Kids Adventure Books | Brave Hearts Publishing Blog — Brave Hearts Publishing",no,,,IGNORE_LEGACY_NOISE,Owner-approved: no import and no redirect
https://www.braveheartspublishing.com/blog/tag/Origin+Story,Squarespace generated/irrelevant legacy URL,"Origin Story — Bridge Books, Reading Tips & Kids Adventure Books | Brave Hearts Publishing Blog — Brave Hearts Publishing",no,,,IGNORE_LEGACY_NOISE,Owner-approved: no import and no redirect
https://www.braveheartspublishing.com/blog/tag/reading+list+for+kids,Squarespace generated/irrelevant legacy URL,"reading list for kids — Bridge Books, Reading Tips & Kids Adventure Books | Brave Hearts Publishing Blog — Brave Hearts Publishing",no,,,IGNORE_LEGACY_NOISE,Owner-approved: no import and no redirect
https://www.braveheartspublishing.com/blog/tag/teacher+appreciation+week,Squarespace generated/irrelevant legacy URL,"teacher appreciation week — Bridge Books, Reading Tips & Kids Adventure Books | Brave Hearts Publishing Blog — Brave Hearts Publishing",no,,,IGNORE_LEGACY_NOISE,Owner-approved: no import and no redirect
https://www.braveheartspublishing.com/blog/tag/Mariana+Trench+Book,Squarespace generated/irrelevant legacy URL,"Mariana Trench Book — Bridge Books, Reading Tips & Kids Adventure Books | Brave Hearts Publishing Blog — Brave Hearts Publishing",no,,,IGNORE_LEGACY_NOISE,Owner-approved: no import and no redirect
https://www.braveheartspublishing.com/blog/tag/children%27s+book+review,Squarespace generated/irrelevant legacy URL,"children's book review — Bridge Books, Reading Tips & Kids Adventure Books | Brave Hearts Publishing Blog — Brave Hearts Publishing",no,,,IGNORE_LEGACY_NOISE,Owner-approved: no import and no redirect
https://www.braveheartspublishing.com/blog/tag/bridge+books+for+struggling+readers,Squarespace generated/irrelevant legacy URL,"bridge books for struggling readers — Bridge Books, Reading Tips & Kids Adventure Books | Brave Hearts Publishing Blog — Brave Hearts Publishing",no,,,IGNORE_LEGACY_NOISE,Owner-approved: no import and no redirect
https://www.braveheartspublishing.com/blog/tag/what+reading+level+should+my+child+be+at,Squarespace generated/irrelevant legacy URL,"what reading level should my child be at — Bridge Books, Reading Tips & Kids Adventure Books | Brave Hearts Publishing Blog — Brave Hearts Publishing",no,,,IGNORE_LEGACY_NOISE,Owner-approved: no import and no redirect
https://www.braveheartspublishing.com/blog/tag/2nd+grade+reading+level,Squarespace generated/irrelevant legacy URL,"2nd grade reading level — Bridge Books, Reading Tips & Kids Adventure Books | Brave Hearts Publishing Blog — Brave Hearts Publishing",no,,,IGNORE_LEGACY_NOISE,Owner-approved: no import and no redirect
https://www.braveheartspublishing.com/blog/tag/parent+reading+guide,Squarespace generated/irrelevant legacy URL,"parent reading guide — Bridge Books, Reading Tips & Kids Adventure Books | Brave Hearts Publishing Blog — Brave Hearts Publishing",no,,,IGNORE_LEGACY_NOISE,Owner-approved: no import and no redirect
https://www.braveheartspublishing.com/blog/tag/how+to+choose+a+read+aloud,Squarespace generated/irrelevant legacy URL,"how to choose a read aloud — Bridge Books, Reading Tips & Kids Adventure Books | Brave Hearts Publishing Blog — Brave Hearts Publishing",no,,,IGNORE_LEGACY_NOISE,Owner-approved: no import and no redirect
https://www.braveheartspublishing.com/blog/tag/Charlotte+and+Henry,Squarespace generated/irrelevant legacy URL,"Charlotte and Henry — Bridge Books, Reading Tips & Kids Adventure Books | Brave Hearts Publishing Blog — Brave Hearts Publishing",no,,,IGNORE_LEGACY_NOISE,Owner-approved: no import and no redirect
https://www.braveheartspublishing.com/blog/tag/read+aloud+chapter+books,Squarespace generated/irrelevant legacy URL,"read aloud chapter books — Bridge Books, Reading Tips & Kids Adventure Books | Brave Hearts Publishing Blog — Brave Hearts Publishing",no,,,IGNORE_LEGACY_NOISE,Owner-approved: no import and no redirect
https://www.braveheartspublishing.com/blog/tag/books+for+8+year+olds,Squarespace generated/irrelevant legacy URL,"books for 8 year olds — Bridge Books, Reading Tips & Kids Adventure Books | Brave Hearts Publishing Blog — Brave Hearts Publishing",no,,,IGNORE_LEGACY_NOISE,Owner-approved: no import and no redirect
https://www.braveheartspublishing.com/blog/tag/best+books+for+grades+1-3,Squarespace generated/irrelevant legacy URL,"best books for grades 1-3 — Bridge Books, Reading Tips & Kids Adventure Books | Brave Hearts Publishing Blog — Brave Hearts Publishing",no,,,IGNORE_LEGACY_NOISE,Owner-approved: no import and no redirect
https://www.braveheartspublishing.com/blog/tag/reading+level+chart,Squarespace generated/irrelevant legacy URL,"reading level chart — Bridge Books, Reading Tips & Kids Adventure Books | Brave Hearts Publishing Blog — Brave Hearts Publishing",no,,,IGNORE_LEGACY_NOISE,Owner-approved: no import and no redirect
https://www.braveheartspublishing.com/blog/tag/books+for+struggling+readers,Squarespace generated/irrelevant legacy URL,"books for struggling readers — Bridge Books, Reading Tips & Kids Adventure Books | Brave Hearts Publishing Blog — Brave Hearts Publishing",no,,,IGNORE_LEGACY_NOISE,Owner-approved: no import and no redirect
https://www.braveheartspublishing.com/blog/tag/books+for+reluctant+readers,Squarespace generated/irrelevant legacy URL,"books for reluctant readers — Bridge Books, Reading Tips & Kids Adventure Books | Brave Hearts Publishing Blog — Brave Hearts Publishing",no,,,IGNORE_LEGACY_NOISE,Owner-approved: no import and no redirect
https://www.braveheartspublishing.com/blog/tag/1st+grade+reading+level,Squarespace generated/irrelevant legacy URL,"1st grade reading level — Bridge Books, Reading Tips & Kids Adventure Books | Brave Hearts Publishing Blog — Brave Hearts Publishing",no,,,IGNORE_LEGACY_NOISE,Owner-approved: no import and no redirect
https://www.braveheartspublishing.com/blog/tag/captain+underpants+books,Squarespace generated/irrelevant legacy URL,"captain underpants books — Bridge Books, Reading Tips & Kids Adventure Books | Brave Hearts Publishing Blog — Brave Hearts Publishing",no,,,IGNORE_LEGACY_NOISE,Owner-approved: no import and no redirect
https://www.braveheartspublishing.com/blog/tag/dog+man+to+magic+tree+house,Squarespace generated/irrelevant legacy URL,"dog man to magic tree house — Bridge Books, Reading Tips & Kids Adventure Books | Brave Hearts Publishing Blog — Brave Hearts Publishing",no,,,IGNORE_LEGACY_NOISE,Owner-approved: no import and no redirect
https://www.braveheartspublishing.com/blog/tag/science+books+for+7+year+olds,Squarespace generated/irrelevant legacy URL,"science books for 7 year olds — Bridge Books, Reading Tips & Kids Adventure Books | Brave Hearts Publishing Blog — Brave Hearts Publishing",no,,,IGNORE_LEGACY_NOISE,Owner-approved: no import and no redirect
https://www.braveheartspublishing.com/blog/tag/reading+tips,Squarespace generated/irrelevant legacy URL,"reading tips — Bridge Books, Reading Tips & Kids Adventure Books | Brave Hearts Publishing Blog — Brave Hearts Publishing",no,,,IGNORE_LEGACY_NOISE,Owner-approved: no import and no redirect
https://www.braveheartspublishing.com/blog/tag/ocean+chapter+books+for+kids,Squarespace generated/irrelevant legacy URL,"ocean chapter books for kids — Bridge Books, Reading Tips & Kids Adventure Books | Brave Hearts Publishing Blog — Brave Hearts Publishing",no,,,IGNORE_LEGACY_NOISE,Owner-approved: no import and no redirect
https://www.braveheartspublishing.com/blog/tag/stem+for+kids,Squarespace generated/irrelevant legacy URL,"stem for kids — Bridge Books, Reading Tips & Kids Adventure Books | Brave Hearts Publishing Blog — Brave Hearts Publishing",no,,,IGNORE_LEGACY_NOISE,Owner-approved: no import and no redirect
https://www.braveheartspublishing.com/blog/tag/Books+for+kids+ages+6-9,Squarespace generated/irrelevant legacy URL,"Books for kids ages 6-9 — Bridge Books, Reading Tips & Kids Adventure Books | Brave Hearts Publishing Blog — Brave Hearts Publishing",no,,,IGNORE_LEGACY_NOISE,Owner-approved: no import and no redirect
https://www.braveheartspublishing.com/blog/tag/adventure+science+books,Squarespace generated/irrelevant legacy URL,"adventure science books — Bridge Books, Reading Tips & Kids Adventure Books | Brave Hearts Publishing Blog — Brave Hearts Publishing",no,,,IGNORE_LEGACY_NOISE,Owner-approved: no import and no redirect
https://www.braveheartspublishing.com/blog/tag/Charlotte+and+Henry+Books,Squarespace generated/irrelevant legacy URL,"Charlotte and Henry Books — Bridge Books, Reading Tips & Kids Adventure Books | Brave Hearts Publishing Blog — Brave Hearts Publishing",no,,,IGNORE_LEGACY_NOISE,Owner-approved: no import and no redirect
https://www.braveheartspublishing.com/blog/tag/how+to+get+kids+to+read,Squarespace generated/irrelevant legacy URL,"how to get kids to read — Bridge Books, Reading Tips & Kids Adventure Books | Brave Hearts Publishing Blog — Brave Hearts Publishing",no,,,IGNORE_LEGACY_NOISE,Owner-approved: no import and no redirect
https://www.braveheartspublishing.com/blog/tag/science+chapter+books+for+kids,Squarespace generated/irrelevant legacy URL,"science chapter books for kids — Bridge Books, Reading Tips & Kids Adventure Books | Brave Hearts Publishing Blog — Brave Hearts Publishing",no,,,IGNORE_LEGACY_NOISE,Owner-approved: no import and no redirect
https://www.braveheartspublishing.com/blog/tag/mountain+books+for+kids,Squarespace generated/irrelevant legacy URL,"mountain books for kids — Bridge Books, Reading Tips & Kids Adventure Books | Brave Hearts Publishing Blog — Brave Hearts Publishing",no,,,IGNORE_LEGACY_NOISE,Owner-approved: no import and no redirect
https://www.braveheartspublishing.com/blog/tag/Mount+Everest,Squarespace generated/irrelevant legacy URL,"Mount Everest — Bridge Books, Reading Tips & Kids Adventure Books | Brave Hearts Publishing Blog — Brave Hearts Publishing",no,,,IGNORE_LEGACY_NOISE,Owner-approved: no import and no redirect
https://www.braveheartspublishing.com/blog/tag/elementary+read+aloud,Squarespace generated/irrelevant legacy URL,"elementary read aloud — Bridge Books, Reading Tips & Kids Adventure Books | Brave Hearts Publishing Blog — Brave Hearts Publishing",no,,,IGNORE_LEGACY_NOISE,Owner-approved: no import and no redirect
https://www.braveheartspublishing.com/blog/tag/is+my+child+behind+in+reading,Squarespace generated/irrelevant legacy URL,"is my child behind in reading — Bridge Books, Reading Tips & Kids Adventure Books | Brave Hearts Publishing Blog — Brave Hearts Publishing",no,,,IGNORE_LEGACY_NOISE,Owner-approved: no import and no redirect
https://www.braveheartspublishing.com/blog/tag/charlotte+and+henry,Squarespace generated/irrelevant legacy URL,"charlotte and henry — Bridge Books, Reading Tips & Kids Adventure Books | Brave Hearts Publishing Blog — Brave Hearts Publishing",no,,,IGNORE_LEGACY_NOISE,Owner-approved: no import and no redirect
https://www.braveheartspublishing.com/blog/tag/What+to+read+after+dog+man,Squarespace generated/irrelevant legacy URL,"What to read after dog man — Bridge Books, Reading Tips & Kids Adventure Books | Brave Hearts Publishing Blog — Brave Hearts Publishing",no,,,IGNORE_LEGACY_NOISE,Owner-approved: no import and no redirect
https://www.braveheartspublishing.com/blog/tag/science+facts,Squarespace generated/irrelevant legacy URL,"science facts — Bridge Books, Reading Tips & Kids Adventure Books | Brave Hearts Publishing Blog — Brave Hearts Publishing",no,,,IGNORE_LEGACY_NOISE,Owner-approved: no import and no redirect
https://www.braveheartspublishing.com/blog/tag/grades+1-3+read+aloud,Squarespace generated/irrelevant legacy URL,"grades 1-3 read aloud — Bridge Books, Reading Tips & Kids Adventure Books | Brave Hearts Publishing Blog — Brave Hearts Publishing",no,,,IGNORE_LEGACY_NOISE,Owner-approved: no import and no redirect
https://www.braveheartspublishing.com/blog/tag/books+for+kids+who+love+science,Squarespace generated/irrelevant legacy URL,"books for kids who love science — Bridge Books, Reading Tips & Kids Adventure Books | Brave Hearts Publishing Blog — Brave Hearts Publishing",no,,,IGNORE_LEGACY_NOISE,Owner-approved: no import and no redirect
https://www.braveheartspublishing.com/blog/tag/lexile+score,Squarespace generated/irrelevant legacy URL,"lexile score — Bridge Books, Reading Tips & Kids Adventure Books | Brave Hearts Publishing Blog — Brave Hearts Publishing",no,,,IGNORE_LEGACY_NOISE,Owner-approved: no import and no redirect
https://www.braveheartspublishing.com/blog/tag/kids+who+hate+reading,Squarespace generated/irrelevant legacy URL,"kids who hate reading — Bridge Books, Reading Tips & Kids Adventure Books | Brave Hearts Publishing Blog — Brave Hearts Publishing",no,,,IGNORE_LEGACY_NOISE,Owner-approved: no import and no redirect
https://www.braveheartspublishing.com/blog/tag/my+child+hates+reading,Squarespace generated/irrelevant legacy URL,"my child hates reading — Bridge Books, Reading Tips & Kids Adventure Books | Brave Hearts Publishing Blog — Brave Hearts Publishing",no,,,IGNORE_LEGACY_NOISE,Owner-approved: no import and no redirect
https://www.braveheartspublishing.com/blog/tag/adventure+books+for+kids,Squarespace generated/irrelevant legacy URL,"adventure books for kids — Bridge Books, Reading Tips & Kids Adventure Books | Brave Hearts Publishing Blog — Brave Hearts Publishing",no,,,IGNORE_LEGACY_NOISE,Owner-approved: no import and no redirect
https://www.braveheartspublishing.com/blog/tag/How+to+pick+a+read+aloud,Squarespace generated/irrelevant legacy URL,"How to pick a read aloud — Bridge Books, Reading Tips & Kids Adventure Books | Brave Hearts Publishing Blog — Brave Hearts Publishing",no,,,IGNORE_LEGACY_NOISE,Owner-approved: no import and no redirect
https://www.braveheartspublishing.com/blog/tag/read+aloud+tips,Squarespace generated/irrelevant legacy URL,"read aloud tips — Bridge Books, Reading Tips & Kids Adventure Books | Brave Hearts Publishing Blog — Brave Hearts Publishing",no,,,IGNORE_LEGACY_NOISE,Owner-approved: no import and no redirect
https://www.braveheartspublishing.com/blog/tag/classroom+visit,Squarespace generated/irrelevant legacy URL,"classroom visit — Bridge Books, Reading Tips & Kids Adventure Books | Brave Hearts Publishing Blog — Brave Hearts Publishing",no,,,IGNORE_LEGACY_NOISE,Owner-approved: no import and no redirect
https://www.braveheartspublishing.com/blog/tag/sea+adventure+books,Squarespace generated/irrelevant legacy URL,"sea adventure books — Bridge Books, Reading Tips & Kids Adventure Books | Brave Hearts Publishing Blog — Brave Hearts Publishing",no,,,IGNORE_LEGACY_NOISE,Owner-approved: no import and no redirect
https://www.braveheartspublishing.com/blog/tag/reading+level+by+grade,Squarespace generated/irrelevant legacy URL,"reading level by grade — Bridge Books, Reading Tips & Kids Adventure Books | Brave Hearts Publishing Blog — Brave Hearts Publishing",no,,,IGNORE_LEGACY_NOISE,Owner-approved: no import and no redirect
https://www.braveheartspublishing.com/blog/tag/books+like+magic+tree+house,Squarespace generated/irrelevant legacy URL,"books like magic tree house — Bridge Books, Reading Tips & Kids Adventure Books | Brave Hearts Publishing Blog — Brave Hearts Publishing",no,,,IGNORE_LEGACY_NOISE,Owner-approved: no import and no redirect
https://www.braveheartspublishing.com/blog/tag/Children%27s+Books,Squarespace generated/irrelevant legacy URL,"Children's Books — Bridge Books, Reading Tips & Kids Adventure Books | Brave Hearts Publishing Blog — Brave Hearts Publishing",no,,,IGNORE_LEGACY_NOISE,Owner-approved: no import and no redirect
https://www.braveheartspublishing.com/blog/tag/stem+books+for+kids+ages+6-9,Squarespace generated/irrelevant legacy URL,"stem books for kids ages 6-9 — Bridge Books, Reading Tips & Kids Adventure Books | Brave Hearts Publishing Blog — Brave Hearts Publishing",no,,,IGNORE_LEGACY_NOISE,Owner-approved: no import and no redirect
https://www.braveheartspublishing.com/blog/tag/children%27s+books,Squarespace generated/irrelevant legacy URL,"children's books — Bridge Books, Reading Tips & Kids Adventure Books | Brave Hearts Publishing Blog — Brave Hearts Publishing",no,,,IGNORE_LEGACY_NOISE,Owner-approved: no import and no redirect
https://www.braveheartspublishing.com/blog/tag/everest+for+kids,Squarespace generated/irrelevant legacy URL,"everest for kids — Bridge Books, Reading Tips & Kids Adventure Books | Brave Hearts Publishing Blog — Brave Hearts Publishing",no,,,IGNORE_LEGACY_NOISE,Owner-approved: no import and no redirect
https://www.braveheartspublishing.com/blog/tag/graphic+novel+to+chapter+books,Squarespace generated/irrelevant legacy URL,"graphic novel to chapter books — Bridge Books, Reading Tips & Kids Adventure Books | Brave Hearts Publishing Blog — Brave Hearts Publishing",no,,,IGNORE_LEGACY_NOISE,Owner-approved: no import and no redirect
https://www.braveheartspublishing.com/blog/tag/Kirkus+reviews+children%27s+book,Squarespace generated/irrelevant legacy URL,"Kirkus reviews children's book — Bridge Books, Reading Tips & Kids Adventure Books | Brave Hearts Publishing Blog — Brave Hearts Publishing",no,,,IGNORE_LEGACY_NOISE,Owner-approved: no import and no redirect
https://www.braveheartspublishing.com/blog/tag/reading+stamina,Squarespace generated/irrelevant legacy URL,"reading stamina — Bridge Books, Reading Tips & Kids Adventure Books | Brave Hearts Publishing Blog — Brave Hearts Publishing",no,,,IGNORE_LEGACY_NOISE,Owner-approved: no import and no redirect
https://www.braveheartspublishing.com/blog/tag/book+for+kids+ages+6-9,Squarespace generated/irrelevant legacy URL,"book for kids ages 6-9 — Bridge Books, Reading Tips & Kids Adventure Books | Brave Hearts Publishing Blog — Brave Hearts Publishing",no,,,IGNORE_LEGACY_NOISE,Owner-approved: no import and no redirect
https://www.braveheartspublishing.com/blog/tag/early+readers,Squarespace generated/irrelevant legacy URL,"early readers — Bridge Books, Reading Tips & Kids Adventure Books | Brave Hearts Publishing Blog — Brave Hearts Publishing",no,,,IGNORE_LEGACY_NOISE,Owner-approved: no import and no redirect
https://www.braveheartspublishing.com/blog/tag/3rd+grade+reading+level,Squarespace generated/irrelevant legacy URL,"3rd grade reading level — Bridge Books, Reading Tips & Kids Adventure Books | Brave Hearts Publishing Blog — Brave Hearts Publishing",no,,,IGNORE_LEGACY_NOISE,Owner-approved: no import and no redirect
https://www.braveheartspublishing.com/blog/tag/reading+transition,Squarespace generated/irrelevant legacy URL,"reading transition — Bridge Books, Reading Tips & Kids Adventure Books | Brave Hearts Publishing Blog — Brave Hearts Publishing",no,,,IGNORE_LEGACY_NOISE,Owner-approved: no import and no redirect
https://www.braveheartspublishing.com/blog/tag/children%27s+reading+stages,Squarespace generated/irrelevant legacy URL,"children's reading stages — Bridge Books, Reading Tips & Kids Adventure Books | Brave Hearts Publishing Blog — Brave Hearts Publishing",no,,,IGNORE_LEGACY_NOISE,Owner-approved: no import and no redirect
https://www.braveheartspublishing.com/blog/tag/Boise+Idaho,Squarespace generated/irrelevant legacy URL,"Boise Idaho — Bridge Books, Reading Tips & Kids Adventure Books | Brave Hearts Publishing Blog — Brave Hearts Publishing",no,,,IGNORE_LEGACY_NOISE,Owner-approved: no import and no redirect
https://www.braveheartspublishing.com/blog/tag/Mariana+Trench+Facts,Squarespace generated/irrelevant legacy URL,"Mariana Trench Facts — Bridge Books, Reading Tips & Kids Adventure Books | Brave Hearts Publishing Blog — Brave Hearts Publishing",no,,,IGNORE_LEGACY_NOISE,Owner-approved: no import and no redirect
https://www.braveheartspublishing.com/blog/tag/teacher+read+aloud,Squarespace generated/irrelevant legacy URL,"teacher read aloud — Bridge Books, Reading Tips & Kids Adventure Books | Brave Hearts Publishing Blog — Brave Hearts Publishing",no,,,IGNORE_LEGACY_NOISE,Owner-approved: no import and no redirect
https://www.braveheartspublishing.com/blog/tag/transitional+readers,Squarespace generated/irrelevant legacy URL,"transitional readers — Bridge Books, Reading Tips & Kids Adventure Books | Brave Hearts Publishing Blog — Brave Hearts Publishing",no,,,IGNORE_LEGACY_NOISE,Owner-approved: no import and no redirect
https://www.braveheartspublishing.com/blog/tag/books+for+boys+ages+6-9,Squarespace generated/irrelevant legacy URL,"books for boys ages 6-9 — Bridge Books, Reading Tips & Kids Adventure Books | Brave Hearts Publishing Blog — Brave Hearts Publishing",no,,,IGNORE_LEGACY_NOISE,Owner-approved: no import and no redirect
https://www.braveheartspublishing.com/blog/tag/nature+for+kids,Squarespace generated/irrelevant legacy URL,"nature for kids — Bridge Books, Reading Tips & Kids Adventure Books | Brave Hearts Publishing Blog — Brave Hearts Publishing",no,,,IGNORE_LEGACY_NOISE,Owner-approved: no import and no redirect
https://www.braveheartspublishing.com/blog/tag/grades+1-3,Squarespace generated/irrelevant legacy URL,"grades 1-3 — Bridge Books, Reading Tips & Kids Adventure Books | Brave Hearts Publishing Blog — Brave Hearts Publishing",no,,,IGNORE_LEGACY_NOISE,Owner-approved: no import and no redirect
https://www.braveheartspublishing.com/blog/tag/dog+man+next+book,Squarespace generated/irrelevant legacy URL,"dog man next book — Bridge Books, Reading Tips & Kids Adventure Books | Brave Hearts Publishing Blog — Brave Hearts Publishing",no,,,IGNORE_LEGACY_NOISE,Owner-approved: no import and no redirect
https://images.squarespace-cdn.com/content/v1/69a4852e7db0bc7e34bc3354/7c5f01ec-a2c4-4bfa-b1ef-13d0622713c5/E-Book+Cover+-+Final-+4-6-26.jpeg.jpg,Squarespace generated/irrelevant legacy URL,,no,,,IGNORE_LEGACY_NOISE,Owner-approved: no import and no redirect
https://images.squarespace-cdn.com/content/v1/69a4852e7db0bc7e34bc3354/a787e1c6-a0f9-4f85-bbd9-079a9becf4ec/Final+Ebook+Cover+4-10-26-+Everest.jpg,Squarespace generated/irrelevant legacy URL,,no,,,IGNORE_LEGACY_NOISE,Owner-approved: no import and no redirect
https://images.squarespace-cdn.com/content/v1/69a4852e7db0bc7e34bc3354/949eeadf-f1dc-4f0f-b8b7-c183c5353a02/Andrew+and+Charlotte.jpg,Squarespace generated/irrelevant legacy URL,,no,,,IGNORE_LEGACY_NOISE,Owner-approved: no import and no redirect
https://images.squarespace-cdn.com/content/v1/69a4852e7db0bc7e34bc3354/cccb6f01-5fd3-4a31-94de-1cfdf4c399a4/Children%27s+adventure+New+Cover+Text-+Cropped_upscayl_4x_upscayl-standard-4x.png,Squarespace generated/irrelevant legacy URL,,no,,,IGNORE_LEGACY_NOISE,Owner-approved: no import and no redirect
https://images.squarespace-cdn.com/content/v1/69a4852e7db0bc7e34bc3354/4b32f4e4-2bbd-4b58-85a1-9c8f8d9b6901/FUll+scene+Full+rough+OLDER.png,Squarespace generated/irrelevant legacy URL,,no,,,IGNORE_LEGACY_NOISE,Owner-approved: no import and no redirect
https://images.squarespace-cdn.com/content/v1/69a4852e7db0bc7e34bc3354/b3484e23-cd5f-4ec8-8e16-3d803c3f6285/C2+Half+Scene+Older-+trans.jpg,Squarespace generated/irrelevant legacy URL,,no,,,IGNORE_LEGACY_NOISE,Owner-approved: no import and no redirect
https://images.squarespace-cdn.com/content/v1/69a4852e7db0bc7e34bc3354/62c80681-03f3-40b3-bdc2-b82443da03fb/C5+Half+Scene+Older+-+trans.jpg,Squarespace generated/irrelevant legacy URL,,no,,,IGNORE_LEGACY_NOISE,Owner-approved: no import and no redirect
https://images.squarespace-cdn.com/content/v1/69a4852e7db0bc7e34bc3354/ae636775-0bec-429b-971a-50168afc9426/C11+Challenger+Deep+-+Full+page+bleed.jpg,Squarespace generated/irrelevant legacy URL,,no,,,IGNORE_LEGACY_NOISE,Owner-approved: no import and no redirect
https://images.squarespace-cdn.com/content/v1/69a4852e7db0bc7e34bc3354/fa99bb61-4609-4bd4-aed7-bb6344e30719/Brave+Learning_upscayl_4x_upscayl-standard-4x.png,Squarespace generated/irrelevant legacy URL,,no,,,IGNORE_LEGACY_NOISE,Owner-approved: no import and no redirect
https://images.squarespace-cdn.com/content/v1/69a4852e7db0bc7e34bc3354/7a1e849f-0a28-41ac-89fa-e1b21d4cc4eb/Brave+Learning+Resource+_upscayl_4x_upscayl-standard-4x-SMALL.jpg,Squarespace generated/irrelevant legacy URL,,no,,,IGNORE_LEGACY_NOISE,Owner-approved: no import and no redirect
https://images.squarespace-cdn.com/content/v1/69a4852e7db0bc7e34bc3354/00756100-cb99-4461-862c-fea29f6a75b2/Mariana+trench+diagram-Resized-5.75x8.75-+With+margins_upscayl_4x_upscayl-standard-4x-+SMALL.jpg,Squarespace generated/irrelevant legacy URL,,no,,,IGNORE_LEGACY_NOISE,Owner-approved: no import and no redirect
https://images.squarespace-cdn.com/content/v1/69a4852e7db0bc7e34bc3354/89616443-bca6-4b7c-a5fc-7ace152df74f/E-Book+Cover+-+Final-+4-6-26.jpeg.jpg,Squarespace generated/irrelevant legacy URL,,no,,,IGNORE_LEGACY_NOISE,Owner-approved: no import and no redirect
https://images.squarespace-cdn.com/content/v1/69a4852e7db0bc7e34bc3354/ae1a26aa-5bc8-44c2-b8e8-f26507a3ab1e/Final+Ebook+Cover+4-10-26-+Everest.jpg,Squarespace generated/irrelevant legacy URL,,no,,,IGNORE_LEGACY_NOISE,Owner-approved: no import and no redirect
https://images.squarespace-cdn.com/content/v1/69a4852e7db0bc7e34bc3354/d115aecd-a9e1-4edf-8a6a-81d5e36e1468/image15.jpeg,Squarespace generated/irrelevant legacy URL,,no,,,IGNORE_LEGACY_NOISE,Owner-approved: no import and no redirect
https://images.squarespace-cdn.com/content/v1/69a4852e7db0bc7e34bc3354/b45a263a-606b-44a0-b5c9-ab4d5d8486cd/image17.jpeg,Squarespace generated/irrelevant legacy URL,,no,,,IGNORE_LEGACY_NOISE,Owner-approved: no import and no redirect
https://images.squarespace-cdn.com/content/v1/69a4852e7db0bc7e34bc3354/f40f076a-d9e2-4a15-afb7-4d81afa4f143/image10.jpeg,Squarespace generated/irrelevant legacy URL,,no,,,IGNORE_LEGACY_NOISE,Owner-approved: no import and no redirect
https://images.squarespace-cdn.com/content/v1/69a4852e7db0bc7e34bc3354/fcffcc1f-ef71-4902-99d3-b7eca28962b4/image8.jpeg,Squarespace generated/irrelevant legacy URL,,no,,,IGNORE_LEGACY_NOISE,Owner-approved: no import and no redirect
https://images.squarespace-cdn.com/content/v1/69a4852e7db0bc7e34bc3354/a7e60701-871a-42be-a455-8fd70d980e5e/Screenshot+2026-03-19+17.58.08.png,Squarespace generated/irrelevant legacy URL,,no,,,IGNORE_LEGACY_NOISE,Owner-approved: no import and no redirect
https://images.squarespace-cdn.com/content/v1/69a4852e7db0bc7e34bc3354/e5d88ccd-1805-4895-9df7-a4b18dbc8a0f/C10+The+Dive+Half+Scene.jpg,Squarespace generated/irrelevant legacy URL,,no,,,IGNORE_LEGACY_NOISE,Owner-approved: no import and no redirect
https://images.squarespace-cdn.com/content/v1/69a4852e7db0bc7e34bc3354/25855020-20ee-4015-be71-f20db1b336d1/Screenshot+2026-03-19+17.58.40_upscayl_4x_upscayl-standard-4x.png,Squarespace generated/irrelevant legacy URL,,no,,,IGNORE_LEGACY_NOISE,Owner-approved: no import and no redirect
https://images.squarespace-cdn.com/content/v1/69a4852e7db0bc7e34bc3354/e20c56db-28bd-4679-8941-c3fff9a81023/Screenshot+2026-03-19+17.59.08_upscayl_4x_upscayl-standard-4x.png,Squarespace generated/irrelevant legacy URL,,no,,,IGNORE_LEGACY_NOISE,Owner-approved: no import and no redirect
https://images.squarespace-cdn.com/content/v1/69a4852e7db0bc7e34bc3354/804f2ec8-d347-4cf6-bc6b-15049b574ad7/Best+Bridge+Books+for+Kids+Pin.png,Squarespace generated/irrelevant legacy URL,,no,,,IGNORE_LEGACY_NOISE,Owner-approved: no import and no redirect
https://images.squarespace-cdn.com/content/v1/69a4852e7db0bc7e34bc3354/d0b13222-266a-4b99-a9fe-5ae95135f61d/What+is+a+Lexile.png,Squarespace generated/irrelevant legacy URL,,no,,,IGNORE_LEGACY_NOISE,Owner-approved: no import and no redirect
https://images.squarespace-cdn.com/content/v1/69a4852e7db0bc7e34bc3354/2d6830f2-530b-4785-82e9-043191e5e58c/Mariana+Trench+For+Kids+2.png,Squarespace generated/irrelevant legacy URL,,no,,,IGNORE_LEGACY_NOISE,Owner-approved: no import and no redirect
https://images.squarespace-cdn.com/content/v1/69a4852e7db0bc7e34bc3354/cf0f3391-c1dc-490f-91d2-cba1ac97c63f/Outgrew+picture+books+-+Pin.png,Squarespace generated/irrelevant legacy URL,,no,,,IGNORE_LEGACY_NOISE,Owner-approved: no import and no redirect
https://images.squarespace-cdn.com/content/v1/69a4852e7db0bc7e34bc3354/92a3de6b-8ac2-4e75-83c6-a302257fd4f8/The+Best+Read+Aloud+Books+For+the+Classroom.png,Squarespace generated/irrelevant legacy URL,,no,,,IGNORE_LEGACY_NOISE,Owner-approved: no import and no redirect
